<?xml version="1.0" encoding="UTF-8"?>
<addon id="repository.c4wiz" name="C4Wiz Repo" version="1.0.2" provider-name="C4Wiz">
    <requires>
        <import addon="xbmc.addon" version="12.0.0"/>
    </requires>
    <extension point="xbmc.addon.repository" name="C4Wiz Repo">
        <dir>
            <info compressed="false">https://raw.githubusercontent.com/C4Wiz/Kodi_Repo/master/addons.xml</info>
            <checksum>https://raw.githubusercontent.com/C4Wiz/Kodi_Repo/master/addons.xml.md5</checksum>
            <datadir zip="true">https://raw.githubusercontent.com/C4Wiz/Kodi_Repo/master/</datadir>
            <hashes>false</hashes>
        </dir>
    </extension>
    <extension point="xbmc.addon.metadata">
        <summary>C4Wiz Personal Repo</summary>
        <description>Home of the Estuary.ModV2-Modified Skin</description>
        <platform>all</platform>
    </extension>
</addon>
