<?xml version="1.0" encoding="UTF-8"?>
<window>
	<defaultcontrol always="true">50</defaultcontrol>
	<backgroundcolor>background</backgroundcolor>
	<views>50</views>
	<menucontrol>9000</menucontrol>
	<controls>
		<include>DefaultBackground</include>
		<control type="group">
			<animation effect="fade" start="100" end="0" time="200" tween="sine" condition="$EXP[infodialog_active]">Conditional</animation>
			<control type="group">
				<description>Guide Timeline</description>
				<visible>Control.IsVisible(50)</visible>
				<include>OpenClose_Right</include>
				<include>Visible_Right</include>
				<control type="group">
					<top>140</top>
					<depth>DepthContentPanel</depth>
					<control type="image">
						<left>0</left>
						<top>-10</top>
						<width>100%</width>
						<bottom>397</bottom>
						<texture colordiffuse="E6FFFFFF">dialogs/dialog-bg-nobo.png</texture>
						<visible>Skin.HasSetting(ShowPVRGroups)</visible>
					</control>
					<control type="image">
						<left>0</left>
						<top>44</top>
						<width>100%</width>
						<bottom>343</bottom>
						<texture colordiffuse="E6FFFFFF">dialogs/dialog-bg-nobo.png</texture>
						<visible>!Skin.HasSetting(ShowPVRGroups) + Control.IsVisible(50)</visible>
					</control>
					<control type="image">
						<left>0</left>
						<top>-10</top>
						<width>100%</width>
						<height>44</height>
						<texture colordiffuse="E6FFFFFF">dialogs/dialog-bg-nobo.png</texture>
						<visible>!Skin.HasSetting(ShowPVRGroups)</visible>
					</control>
					<control type="image">
 					<left>10</left>
 						<top>-3</top>
 						<width>20</width>
 						<height>30</height>
 						<texture>icons/keyboard/arrowleft.png</texture>
 						<animation effect="fade" start="0" end="100" time="150">VisibleChange</animation>
 						<visible>!Skin.HasSetting(ShowPVRGroups) + Control.HasFocus(11)</visible>
 					</control>
 					<control type="image">
 						<right>10</right>
 						<top>-3</top>
 						<width>20</width>
 						<height>30</height>
 						<texture>icons/keyboard/arrowright.png</texture>
 						<animation effect="fade" start="0" end="100" time="150">VisibleChange</animation>
 						<visible>!Skin.HasSetting(ShowPVRGroups) + Control.HasFocus(11)</visible>
 					</control>
					<control type="list" id="11">
						<top>-10</top>
						<left>40</left>
						<right>40</right>
						<onleft condition="!Skin.HasSetting(KioskMode)">9000</onleft>
						<onright>noop</onright>
						<onup>50</onup>
						<ondown>50</ondown>
						<orientation>horizontal</orientation>
						<focusposition>3</focusposition>
						<scrolltime tween="quadratic" easing="out">300</scrolltime>
						<visible>!Skin.HasSetting(ShowPVRGroups)</visible>
						<itemlayout height="44" width="368">
							<control type="label">
								<top>-4</top>
								<left>5</left>
								<width>358</width>
								<align>center</align>
								<aligny>center</aligny>
								<label>$INFO[ListItem.Label]</label>
							</control>
						</itemlayout>
						<focusedlayout height="44" width="368">
							<control type="image">
								<left>0</left>
								<width>368</width>
								<height>44</height>
								<texture colordiffuse="$VAR[SkinColorVar]">lists/focus.png</texture>
								<visible>Control.HasFocus(11)</visible>
							</control>
							<control type="image">
								<left>0</left>
								<width>368</width>
								<height>44</height>
								<texture colordiffuse="$VAR[SkinColorVar]">lists/nofocus.png</texture>
								<visible>!Control.HasFocus(11)</visible>
							</control>
							<control type="label">
								<top>-4</top>
								<left>5</left>
								<width>358</width>
								<align>center</align>
								<aligny>center</aligny>
								<scroll>true</scroll>
								<label>$INFO[ListItem.Label]</label>
								<visible>Control.HasFocus(11)</visible>
							</control>
							<control type="label">
								<top>-4</top>
								<left>5</left>
								<width>358</width>
								<align>center</align>
								<aligny>center</aligny>
								<scroll>true</scroll>
								<label>$INFO[ListItem.Label]</label>
								<visible>!Control.HasFocus(11)</visible>
							</control>
						</focusedlayout>
					</control>
					<control type="epggrid" id="50">
						<left>0</left>
						<top>0</top>
						<right>20</right>
						<bottom>398</bottom>
						<pagecontrol>60</pagecontrol>
						<scrolltime tween="quadratic" easing="out">300</scrolltime>
						<timeblocks>30</timeblocks>
						<rulerunit>3</rulerunit>
						<onleft condition="!Skin.HasSetting(KioskMode)">9000</onleft>
						<onright>60</onright>
						<onup condition="Skin.HasSetting(ShowPVRGroups)">50</onup>
						<onup condition="!Skin.HasSetting(ShowPVRGroups)">11</onup>
						<ondown condition="Skin.HasSetting(ShowPVRGroups)">50</ondown>
						<ondown condition="!Skin.HasSetting(ShowPVRGroups)">11</ondown>
						<onback condition="!Skin.HasSetting(ShowPVRGroups)">11</onback>
						<viewtype label="19297">list</viewtype>
						<progresstexture border="0,60,18,14" colordiffuse="$VAR[SkinColorVar]">windows/pvr/epg_progress.png</progresstexture>
						<animation effect="slide" end="0,54" time="0" condition="!Skin.HasSetting(ShowPVRGroups) + Control.IsVisible(50)">Conditional</animation>
						<rulerlayout height="45" width="390">
							<control type="label">
								<top>-5</top>
								<width>390</width>
								<height>45</height>
								<font>font13</font>
								<label>$INFO[ListItem.Label]</label>
								<textoffsetx>10</textoffsetx>
								<textcolor>$VAR[SkinColorVar]</textcolor>
							</control>
						</rulerlayout>
						<channellayout height="62" width="390">
							<control type="image">
								<left>5</left>
								<top>1</top>
								<height>56</height>
								<width>78</width>
								<texture colordiffuse="$VAR[PvrIconBGVar]">colors/white.png</texture>
								<visible>Skin.HasSetting(ShowPVRChannelNumbers) + Skin.HasSetting(EnablePvrIconBG)</visible>
							</control>
							<control type="image">
								<left>7</left>
								<top>3</top>
								<width>80</width>
								<height>56</height>
								<texture fallback="DefaultTVShows2.png">$INFO[ListItem.Icon]</texture>
								<aspectratio align="center" aligny="center">keep</aspectratio>
								<visible>Skin.HasSetting(ShowPVRChannelNumbers)</visible>
							</control>
							<control type="label">
								<left>7</left>
								<top>13</top>
								<width>80</width>
								<height>56</height>
								<align>center</align>
								<aligny>bottom</aligny>
								<font>font28_title</font>
								<label>$INFO[ListItem.ChannelNumberLabel]</label>
								<shadowcolor>text_shadow</shadowcolor>
								<visible>!Skin.HasSetting(ShowPVRChannelNumbers)</visible>
							</control>
							<control type="label" id="1">
								<left>84</left>
								<top>10</top>
								<width>308</width>
								<height>62</height>
								<font>font13</font>
								<label>$INFO[ListItem.ChannelName]</label>
								<aligny>bottom</aligny>
								<textoffsetx>10</textoffsetx>
							</control>
						</channellayout>
						<focusedchannellayout height="62" width="390">
							<control type="image">
								<top>3</top>
								<left>0</left>
								<width>386</width>
								<height>56</height>
								<texture colordiffuse="$VAR[SkinColorVar]">lists/focus.png</texture>
							</control>
							<control type="image">
								<left>7</left>
								<top>3</top>
								<width>80</width>
								<height>56</height>
								<texture fallback="DefaultTVShows2.png">$INFO[ListItem.Icon]</texture>
								<aspectratio align="center" aligny="center">keep</aspectratio>
								<visible>Skin.HasSetting(ShowPVRChannelNumbers)</visible>
							</control>
							<control type="label">
								<left>7</left>
								<top>13</top>
								<width>80</width>
								<height>56</height>
								<align>center</align>
								<aligny>bottom</aligny>
								<font>font28_title</font>
								<label>$INFO[ListItem.ChannelNumberLabel]</label>
								<shadowcolor>text_shadow</shadowcolor>
								<visible>!Skin.HasSetting(ShowPVRChannelNumbers)</visible>
							</control>
							<control type="label" id="1">
								<left>84</left>
								<top>10</top>
								<width>308</width>
								<height>60</height>
								<font>font13</font>
								<label>$INFO[ListItem.ChannelName]</label>
								<aligny>bottom</aligny>
								<textoffsetx>10</textoffsetx>
								<scroll>true</scroll>
							</control>
						</focusedchannellayout>
						<itemlayout height="60" width="60">
							<control type="image" id="2">
								<top>1</top>
								<width>60</width>
								<height>60</height>
								<texture border="3" fallback="windows/pvr/epg-genres/0.png">$VAR[PVRGenresVar]</texture>
							</control>
							<control type="image">
								<left>1</left>
								<top>1</top>
								<width>60</width>
								<height>60</height>
								<texture>overlays/overlay-bg.png</texture>
								<visible>$EXP[hasPvrStatus]</visible>
							</control>
							<control type="image">
								<left>7</left>
								<top>15</top>
								<width>36</width>
								<height>36</height>
								<texture>$VAR[PVRStatusImageVar]</texture>
							</control>
							<control type="label" id="1">
								<left>7</left>
								<top>5</top>
								<width>44</width>
								<height>50</height>
								<aligny>center</aligny>
								<font>font13</font>
								<label>$INFO[ListItem.Label]</label>
								<visible>!$EXP[hasPvrStatus]</visible>
							</control>
							<control type="label" id="1">
								<left>45</left>
								<top>5</top>
								<width>5</width>
								<height>50</height>
								<aligny>center</aligny>
								<font>font13</font>
								<label>$INFO[ListItem.Label]</label>
								<visible>$EXP[hasPvrStatus]</visible>
							</control>
						</itemlayout>
						<focusedlayout height="60" width="60">
							<control type="image" id="2">
								<top>3</top>
								<left>3</left>
								<width>54</width>
								<height>54</height>
								<texture colordiffuse="$VAR[SkinColorVar]">lists/focus.png</texture>
								<visible>Control.HasFocus(50)</visible>
							</control>
							<control type="image" id="2">
								<top>3</top>
								<left>2</left>
								<width>56</width>
								<height>56</height>
								<texture border="8" colordiffuse="$VAR[SkinColorVar]">buttons/thumbnail_focused.png</texture>
							</control>
							<control type="image" id="2">
								<top>1</top>
								<width>60</width>
								<height>60</height>
								<texture border="3" fallback="windows/pvr/epg-genres/0.png">$VAR[PVRGenresVar]</texture>
								<visible>!Control.HasFocus(50)</visible>
							</control>
							<control type="image">
								<left>5</left>
								<width>60</width>
								<height>57</height>
								<texture>overlays/overlay-bg.png</texture>
								<visible>$EXP[hasPvrStatus]</visible>
							</control>
							<control type="image">
								<left>7</left>
								<top>15</top>
								<width>36</width>
								<height>36</height>
								<texture>$VAR[PVRStatusImageVar]</texture>
							</control>
							<control type="label" id="1">
								<left>7</left>
								<top>5</top>
								<width>46</width>
								<height>50</height>
								<aligny>center</aligny>
								<font>font13</font>
								<label>$INFO[ListItem.Label]</label>
								<scroll>true</scroll>
								<visible>!$EXP[hasPvrStatus]</visible>
							</control>
							<control type="label" id="1">
								<left>45</left>
								<top>5</top>
								<width>5</width>
								<height>50</height>
								<aligny>center</aligny>
								<font>font13</font>
								<label>$INFO[ListItem.Label]</label>
								<scroll>true</scroll>
								<visible>$EXP[hasPvrStatus]</visible>
							</control>
						</focusedlayout>
					</control>
					<control type="scrollbar" id="60">
						<right>0</right>
						<top>47</top>
						<width>12</width>
						<bottom>400</bottom>
						<onleft>10</onleft>
						<onright>10</onright>
						<orientation>vertical</orientation>
						<texturesliderbackground colordiffuse="22FFFFFF">colors/white.png</texturesliderbackground>
						<animation effect="fade" start="100" end="40" time="0" condition="!system.getbool(input.enablemouse)">Conditional</animation>
						<animation effect="slide" end="0,54" time="0" condition="!Skin.HasSetting(ShowPVRGroups)">Conditional</animation>
					</control>
				</control>
				<include>PVRPanelViewInfoPanel</include>
				<include content="BottomBar">
					<param name="info_visible" value="true" />
				</include>
				<control type="group">
					<bottom>0</bottom>
					<height>70</height>
					<right>-15</right>
					<include content="MediaFlagsInfoDialogRight">
						<param name="align" value="right" />
						<param name="pvr" value="true" />
						<param name="visible" value="!Window.IsVisible(DialogPVRGuideControls.xml)"/>
					</include>
					<animation effect="fade" start="0" end="100" time="200" condition="!Window.IsVisible(DialogPVRGuideControls.xml)">Conditional</animation>
				</control>
			</control>
			<include>PVRChannelNumberInput</include>
			<include content="TopBar">
				<param name="breadcrumbs_label" value="$VAR[BreadcrumbsPVRGuideVar]" />
				<param name="sublabel" value="" />
			</include>
			<control type="group">
				<include>MediaMenuCommon</include>
				<include content="PVRSideBar">
					<param name="group_label2" value="$INFO[Control.GetLabel(30)]" />
				</include>
			</control>
		</control>
		<control type="label" id="29">
			<include>HiddenObject</include>
		</control>
		<control type="label" id="30">
			<include>HiddenObject</include>
		</control>
	</controls>
</window>