<?xml version="1.0" encoding="UTF-8"?>
<window type="dialog" id="98">
	<zorder>100</zorder>
	<visible>!Window.IsVisible(startup)</visible>
	<controls>

		<!-- Global debug grid -->

		<control type="image">
			<include>FullscreenDimensions</include>
			<texture>special://skin/extras/debuggrid1080.png</texture>
			<colordiffuse>88ffffff</colordiffuse>
			<visible>Skin.HasSetting(DebugGrid)</visible>
		</control>

		<!-- Window/Dialog debug -->
		
		<control type="image">
			<left>0</left>
			<top>0</top>
			<width>1920</width>
			<height>150</height>
			<texture>colors/black.png</texture>
			<colordiffuse>CC000000</colordiffuse>
			<visible>Skin.HasSetting(DebugInfo)</visible>
		</control>

		<control type="grouplist">
			<left>15</left>
			<top>20</top>
			<width>780</width>
			<height>450</height>
			<itemgap>12</itemgap>
			<visible>Skin.HasSetting(DebugInfo)</visible>

			<!-- Window labels -->

			<control type="label">
				<width>780</width>
				<height>21</height>
				<textcolor>white</textcolor>				
				<font>font13</font>
				<align>left</align>
				<label>AddonBrowser.xml $INFO[Container.Viewmode,(,]$INFO[Container.SortMethod, - ,]$INFO[Container.SortOrder, - ,)]</label>
				<visible>Window.IsVisible(AddonBrowser.xml)</visible>
			</control>

			<control type="label">
				<width>780</width>
				<height>21</height>
				<textcolor>white</textcolor>				
				<font>font13</font>
				<align>left</align>
				<label>FileManager.xml $INFO[Container.Viewmode,(,]$INFO[Container.SortMethod, - ,]$INFO[Container.SortOrder, - ,)]</label>
				<visible>Window.IsVisible(FileManager.xml)</visible>
			</control>

			<control type="label">
				<width>780</width>
				<height>21</height>
				<textcolor>white</textcolor>				
				<font>font13</font>
				<align>left</align>
				<label>Home.xml $INFO[Container.Viewmode,(,]$INFO[Container.SortMethod, - ,]$INFO[Container.SortOrder, - ,)]</label>
				<visible>Window.IsVisible(Home.xml)</visible>
			</control>

			<control type="label">
				<width>780</width>
				<height>21</height>
				<textcolor>white</textcolor>				
				<font>font13</font>
				<align>left</align>
				<label>LoginScreen.xml $INFO[Container.Viewmode,(,]$INFO[Container.SortMethod, - ,]$INFO[Container.SortOrder, - ,)]</label>
				<visible>Window.IsVisible(LoginScreen.xml)</visible>
			</control>

			<control type="label">
				<width>780</width>
				<height>21</height>
				<textcolor>white</textcolor>				
				<font>font13</font>
				<align>left</align>
				<label>MyMusicNav.xml $INFO[Container.Viewmode,(,]$INFO[Container.SortMethod, - ,]$INFO[Container.SortOrder, - ,)]</label>
				<visible>Window.IsVisible(MyMusicNav.xml)</visible>
			</control>

			<control type="label">
				<width>780</width>
				<height>21</height>
				<textcolor>white</textcolor>				
				<font>font13</font>
				<align>left</align>
				<label>MyMusicPlaylist.xml $INFO[Container.Viewmode,(,]$INFO[Container.SortMethod, - ,]$INFO[Container.SortOrder, - ,)]</label>
				<visible>Window.IsVisible(MyMusicPlaylist.xml)</visible>
			</control>

			<control type="label">
				<width>780</width>
				<height>21</height>
				<textcolor>white</textcolor>				
				<font>font13</font>
				<align>left</align>
				<label>MyMusicPlaylistEditor.xml $INFO[Container.Viewmode,(,]$INFO[Container.SortMethod, - ,]$INFO[Container.SortOrder, - ,)]</label>
				<visible>Window.IsVisible(MyMusicPlaylistEditor.xml)</visible>
			</control>

			<control type="label">
				<width>780</width>
				<height>21</height>
				<textcolor>white</textcolor>				
				<font>font13</font>
				<align>left</align>
				<label>MyPics.xml $INFO[Container.Viewmode,(,]$INFO[Container.SortMethod, - ,]$INFO[Container.SortOrder, - ,)]</label>
				<visible>Window.IsVisible(MyPics.xml)</visible>
			</control>
			
			<control type="label">
				<width>780</width>
				<height>21</height>
				<textcolor>white</textcolor>				
				<font>font13</font>
				<align>left</align>
				<label>MyPlaylist.xml $INFO[Container.Viewmode,(,]$INFO[Container.SortMethod, - ,]$INFO[Container.SortOrder, - ,)]</label>
				<visible>Window.IsVisible(MyPlaylist.xml)</visible>
			</control>

			<control type="label">
				<width>780</width>
				<height>21</height>
				<textcolor>white</textcolor>				
				<font>font13</font>
				<align>left</align>
				<label>MyPrograms.xml $INFO[Container.Viewmode,(,]$INFO[Container.SortMethod, - ,]$INFO[Container.SortOrder, - ,)]</label>
				<visible>Window.IsVisible(MyPrograms.xml)</visible>
			</control>

			<control type="label">
				<width>780</width>
				<height>21</height>
				<textcolor>white</textcolor>				
				<font>font13</font>
				<align>left</align>
				<label>MyPVRChannels.xml $INFO[Container.Viewmode,(,]$INFO[Container.SortMethod, - ,]$INFO[Container.SortOrder, - ,)]</label>
				<visible>Window.IsVisible(MyPVRChannels.xml)</visible>
			</control>

			<control type="label">
				<width>780</width>
				<height>21</height>
				<textcolor>white</textcolor>				
				<font>font13</font>
				<align>left</align>
				<label>MyPVRGuide.xml $INFO[Container.Viewmode,(,]$INFO[Container.SortMethod, - ,]$INFO[Container.SortOrder, - ,)]</label>
				<visible>Window.IsVisible(MyPVRGuide.xml)</visible>
			</control>

			<control type="label">
				<width>780</width>
				<height>21</height>
				<textcolor>white</textcolor>				
				<font>font13</font>
				<align>left</align>
				<label>MyPVRRecordings.xml $INFO[Container.Viewmode,(,]$INFO[Container.SortMethod, - ,]$INFO[Container.SortOrder, - ,)]</label>
				<visible>Window.IsVisible(MyPVRRecordings.xml)</visible>
			</control>

			<control type="label">
				<width>780</width>
				<height>21</height>
				<textcolor>white</textcolor>				
				<font>font13</font>
				<align>left</align>
				<label>MyPVRSearch.xml $INFO[Container.Viewmode,(,]$INFO[Container.SortMethod, - ,]$INFO[Container.SortOrder, - ,)]</label>
				<visible>Window.IsVisible(MyPVRSearch.xml)</visible>
			</control>

			<control type="label">
				<width>780</width>
				<height>21</height>
				<textcolor>white</textcolor>				
				<font>font13</font>
				<align>left</align>
				<label>MyPVRTimers.xml $INFO[Container.Viewmode,(,]$INFO[Container.SortMethod, - ,]$INFO[Container.SortOrder, - ,)]</label>
				<visible>Window.IsVisible(MyPVRTimers.xml)</visible>
			</control>

			<control type="label">
				<width>780</width>
				<height>21</height>
				<textcolor>yellow</textcolor>
				<font>font13</font>
				<align>left</align>
				<label>MyVideoNav.xml $INFO[Container.Viewmode,(,]$INFO[Container.SortMethod, - ,]$INFO[Container.SortOrder, - ,)]</label>
				<visible>Window.IsVisible(MyVideoNav.xml)</visible>
			</control>

			<control type="label">
				<width>780</width>
				<height>21</height>
				<textcolor>white</textcolor>				
				<font>font13</font>
				<align>left</align>
				<label>MyWeather.xml $INFO[Container.Viewmode,(,]$INFO[Container.SortMethod, - ,]$INFO[Container.SortOrder, - ,)]</label>
				<visible>Window.IsVisible(MyWeather.xml)</visible>
			</control>

			<control type="label">
				<width>780</width>
				<height>21</height>
				<textcolor>white</textcolor>		
				<font>font13</font>
				<align>left</align>
				<label>Settings.xml $INFO[Container.Viewmode,(,]$INFO[Container.SortMethod, - ,]$INFO[Container.SortOrder, - ,)]</label>
				<visible>Window.IsVisible(Settings.xml)</visible>
			</control>
			
			<control type="label">
				<width>780</width>
				<height>21</height>
				<textcolor>white</textcolor>				
				<font>font13</font>
				<align>left</align>
				<label>SettingsCategory.xml $INFO[Container.Viewmode,(,]$INFO[Container.SortMethod, - ,]$INFO[Container.SortOrder, - ,)]</label>
				<visible>Window.IsVisible(SettingsCategory.xml)</visible>
			</control>

			<control type="label">
				<width>780</width>
				<height>21</height>
				<textcolor>white</textcolor>				
				<font>font13</font>
				<align>left</align>
				<label>SettingsProfile.xml $INFO[Container.Viewmode,(,]$INFO[Container.SortMethod, - ,]$INFO[Container.SortOrder, - ,)]</label>
				<visible>Window.IsVisible(SettingsProfile.xml)</visible>
			</control>
			
			<control type="label">
				<width>780</width>
				<height>21</height>
				<textcolor>white</textcolor>				
				<font>font13</font>
				<align>left</align>
				<label>SettingsScreenCalibration.xml $INFO[Container.Viewmode,(,]$INFO[Container.SortMethod, - ,]$INFO[Container.SortOrder, - ,)]</label>
				<visible>Window.IsVisible(SettingsScreenCalibration.xml)</visible>
			</control>

			<control type="label">
				<width>780</width>
				<height>21</height>
				<textcolor>white</textcolor>				
				<font>font13</font>
				<align>left</align>
				<label>SkinSettings.xml $INFO[Container.Viewmode,(,]$INFO[Container.SortMethod, - ,]$INFO[Container.SortOrder, - ,)]</label>
				<visible>Window.IsVisible(SkinSettings.xml)</visible>
			</control>

			<control type="label">
				<width>780</width>
				<height>21</height>
				<textcolor>white</textcolor>				
				<font>font13</font>
				<align>left</align>
				<label>VideoFullScreen.xml $INFO[Container.Viewmode,(,]$INFO[Container.SortMethod, - ,]$INFO[Container.SortOrder, - ,)]</label>
				<visible>Window.IsVisible(VideoFullScreen.xml)</visible>
			</control>

			<!-- Dialog labels -->

			<control type="label">
				<width>780</width>
				<height>21</height>
				<textcolor>orange</textcolor>				
				<font>font13</font>
				<align>left</align>
				<label>DialogAddonInfo.xml</label>
				<visible>Window.IsVisible(DialogAddonInfo.xml)</visible>
			</control>

			<control type="label">
				<width>780</width>
				<height>21</height>
				<textcolor>orange</textcolor>				
				<font>font13</font>
				<align>left</align>
				<label>DialogAddonSettings.xml</label>
				<visible>Window.IsVisible(DialogAddonSettings.xml)</visible>
			</control>

			<control type="label">
				<width>780</width>
				<height>21</height>
				<textcolor>orange</textcolor>				
				<font>font13</font>
				<align>left</align>
				<label>DialogBusy.xml</label>
				<visible>Window.IsVisible(DialogBusy.xml)</visible>
			</control>

			<control type="label">
				<width>780</width>
				<height>21</height>
				<textcolor>orange</textcolor>				
				<font>font13</font>
				<align>left</align>
				<label>DialogButtonMenu.xml</label>
				<visible>Window.IsVisible(DialogButtonMenu.xml)</visible>
			</control>
			
			<control type="label">
				<width>780</width>
				<height>21</height>
				<textcolor>orange</textcolor>				
				<font>font13</font>
				<align>left</align>
				<label>DialogConfirm.xml</label>
				<visible>Window.IsVisible(DialogConfirm.xml)</visible>
			</control>

			<control type="label">
				<width>780</width>
				<height>21</height>
				<textcolor>orange</textcolor>
				<font>font13</font>
				<align>left</align>
				<label>DialogContextMenu.xml</label>
				<visible>Window.IsVisible(DialogContextMenu.xml)</visible>
			</control>

			<control type="label">
				<width>780</width>
				<height>21</height>
				<textcolor>orange</textcolor>				
				<font>font13</font>
				<align>left</align>
				<label>DialogExtendedProgressBar.xml</label>
				<visible>Window.IsVisible(DialogExtendedProgressBar.xml)</visible>
			</control>

			<control type="label">
				<width>780</width>
				<height>21</height>
				<textcolor>orange</textcolor>				
				<font>font13</font>
				<align>left</align>
				<label>DialogFavourites.xml</label>
				<visible>Window.IsVisible(DialogFavourites.xml)</visible>
			</control>

			<control type="label">
				<width>780</width>
				<height>21</height>
				<textcolor>orange</textcolor>				
				<font>font13</font>
				<align>left</align>
				<label>DialogFullScreenInfo.xml</label>
				<visible>Window.IsVisible(DialogFullScreenInfo.xml)</visible>
			</control>

			<control type="label">
				<width>780</width>
				<height>21</height>
				<textcolor>orange</textcolor>				
				<font>font13</font>
				<align>left</align>
				<label>DialogGameControllers.xml</label>
				<visible>Window.IsVisible(DialogGameControllers.xml)</visible>
			</control>
			
			<control type="label">
				<width>780</width>
				<height>21</height>
				<textcolor>orange</textcolor>
				<font>font13</font>
				<align>left</align>
				<label>DialogKeyboard.xml</label>
				<visible>Window.IsVisible(DialogKeyboard.xml)</visible>
			</control>

			<control type="label">
				<width>780</width>
				<height>21</height>
				<textcolor>orange</textcolor>				
				<font>font13</font>
				<align>left</align>
				<label>DialogMediaSource.xml</label>
				<visible>Window.IsVisible(DialogMediaSource.xml)</visible>
			</control>

			<control type="label">
				<width>780</width>
				<height>21</height>
				<textcolor>orange</textcolor>				
				<font>font13</font>
				<align>left</align>
				<label>DialogMusicInfo.xml</label>
				<visible>Window.IsVisible(DialogMusicInfo.xml)</visible>
			</control>
			
			<control type="label">
				<width>780</width>
				<height>21</height>
				<textcolor>orange</textcolor>				
				<font>font13</font>
				<align>left</align>
				<label>DialogNotification.xml</label>
				<visible>Window.IsVisible(DialogNotification.xml)</visible>
			</control>

			<control type="label">
				<width>780</width>
				<height>21</height>
				<textcolor>orange</textcolor>				
				<font>font13</font>
				<align>left</align>
				<label>DialogNumeric.xml</label>
				<visible>Window.IsVisible(DialogNumeric.xml)</visible>
			</control>

			<control type="label">
				<width>780</width>
				<height>21</height>
				<textcolor>orange</textcolor>				
				<font>font13</font>
				<align>left</align>
				<label>DialogPictureInfo.xml</label>
				<visible>Window.IsVisible(DialogPictureInfo.xml)</visible>
			</control>

			<control type="label">
				<width>780</width>
				<height>21</height>
				<textcolor>orange</textcolor>				
				<font>font13</font>
				<align>left</align>
				<label>DialogPlayerProcessInfo.xml</label>
				<visible>Window.IsVisible(DialogPlayerProcessInfo.xml)</visible>
			</control>

			<control type="label">
				<width>780</width>
				<height>21</height>
				<textcolor>orange</textcolor>				
				<font>font13</font>
				<align>left</align>
				<label>DialogPVRChannelGuide.xml</label>
				<visible>Window.IsVisible(DialogPVRChannelGuide.xml)</visible>
			</control>
			
			<control type="label">
				<width>780</width>
				<height>21</height>
				<textcolor>orange</textcolor>				
				<font>font13</font>
				<align>left</align>
				<label>DialogPVRChannelManager.xml</label>
				<visible>Window.IsVisible(DialogPVRChannelManager.xml)</visible>
			</control>

			<control type="label">
				<width>780</width>
				<height>21</height>
				<textcolor>orange</textcolor>				
				<font>font13</font>
				<align>left</align>
				<label>DialogPVRChannelsOSD.xml</label>
				<visible>Window.IsVisible(DialogPVRChannelsOSD.xml)</visible>
			</control>

			<control type="label">
				<width>780</width>
				<height>21</height>
				<textcolor>orange</textcolor>				
				<font>font13</font>
				<align>left</align>
				<label>DialogPVRGuideSearch.xml</label>
				<visible>Window.IsVisible(DialogPVRGuideSearch.xml)</visible>
			</control>

			<control type="label">
				<width>780</width>
				<height>21</height>
				<textcolor>orange</textcolor>
				<font>font13</font>
				<align>left</align>
				<label>DialogPVRInfo.xml</label>
				<visible>Window.IsVisible(DialogPVRInfo.xml)</visible>
			</control>

			<control type="label">
				<width>780</width>
				<height>21</height>
				<textcolor>orange</textcolor>
				
				<font>font13</font>
				<align>left</align>
				<label>DialogSeekbar.xml</label>
				<visible>Window.IsVisible(DialogSeekbar.xml)</visible>
			</control>

			<control type="label">
				<width>780</width>
				<height>21</height>
				<textcolor>orange</textcolor>
				<font>font13</font>
				<align>left</align>
				<label>DialogSelect.xml</label>
				<visible>Window.IsVisible(DialogSelect.xml)</visible>
			</control>
			
			<control type="label">
				<width>780</width>
				<height>21</height>
				<textcolor>orange</textcolor>
				<font>font13</font>
				<align>left</align>
				<label>DialogSettings.xml</label>
				<visible>Window.IsVisible(DialogSettings.xml)</visible>
			</control>

			<control type="label">
				<width>780</width>
				<height>21</height>
				<textcolor>orange</textcolor>
				<font>font13</font>
				<align>left</align>
				<label>DialogSlider.xml</label>
				<visible>Window.IsVisible(DialogSlider.xml)</visible>
			</control>

			<control type="label">
				<width>780</width>
				<height>21</height>
				<textcolor>orange</textcolor>
				<font>font13</font>
				<align>left</align>
				<label>DialogSubtitles.xml</label>
				<visible>Window.IsVisible(DialogSubtitles.xml)</visible>
			</control>

			<control type="label">
				<width>780</width>
				<height>21</height>
				<textcolor>orange</textcolor>
				<font>font13</font>
				<align>left</align>
				<label>DialogTextViewer.xml</label>
				<visible>Window.IsVisible(DialogTextViewer.xml)</visible>
			</control>
			
			<control type="label">
				<width>780</width>
				<height>21</height>
				<textcolor>orange</textcolor>
				<font>font13</font>
				<align>left</align>
				<label>DialogVideoInfo.xml</label>
				<visible>Window.IsVisible(DialogVideoInfo.xml)</visible>
			</control>

			<control type="label">
				<width>780</width>
				<height>21</height>
				<textcolor>orange</textcolor>
				<font>font13</font>
				<align>left</align>
				<label>DialogVolumeBar.xml</label>
				<visible>Window.IsVisible(DialogVolumeBar.xml)</visible>
			</control>

			<control type="label">
				<width>780</width>
				<height>21</height>
				<textcolor>orange</textcolor>
				<font>font13</font>
				<align>left</align>
				<label>EventLog.xml</label>
				<visible>Window.IsVisible(EventLog.xml)</visible>
			</control>

			<control type="label">
				<width>780</width>
				<height>21</height>
				<textcolor>orange</textcolor>
				<font>font13</font>
				<align>left</align>
				<label>FileBrowser.xml</label>
				<visible>Window.IsVisible(FileBrowser.xml)</visible>
			</control>

			<control type="label">
				<width>780</width>
				<height>21</height>
				<textcolor>orange</textcolor>
				<font>font13</font>
				<align>left</align>
				<label>GameOSD.xml</label>
				<visible>Window.IsVisible(GameOSD.xml)</visible>
			</control>

			<control type="label">
				<width>780</width>
				<height>21</height>
				<textcolor>orange</textcolor>
				<font>font13</font>
				<align>left</align>
				<label>MusicOSD.xml</label>
				<visible>Window.IsVisible(MusicOSD.xml)</visible>
			</control>

			<control type="label">
				<width>780</width>
				<height>21</height>
				<textcolor>orange</textcolor>
				<font>font13</font>
				<align>left</align>
				<label>MusicVisualisation.xml</label>
				<visible>Window.IsVisible(MusicVisualisation.xml)</visible>
			</control>
			
			<control type="label">
				<width>780</width>
				<height>21</height>
				<textcolor>orange</textcolor>
				<font>font13</font>
				<align>left</align>
				<label>MusicVisualisation.xml</label>
				<visible>Window.IsVisible(MusicVisualisation.xml)</visible>
			</control>

			<control type="label">
				<width>780</width>
				<height>21</height>
				<textcolor>orange</textcolor>
				<font>font13</font>
				<align>left</align>
				<label>PlayerControls.xml</label>
				<visible>Window.IsVisible(PlayerControls.xml)</visible>
			</control>

			<control type="label">
				<width>780</width>
				<height>21</height>
				<textcolor>orange</textcolor>
				<font>font13</font>
				<align>left</align>
				<label>SlideShow.xml</label>
				<visible>Window.IsVisible(SlideShow.xml)</visible>
			</control>

			<control type="label">
				<width>780</width>
				<height>21</height>
				<textcolor>orange</textcolor>
				<font>font13</font>
				<align>left</align>
				<label>SmartPlaylistEditor.xml</label>
				<visible>Window.IsVisible(SmartPlaylistEditor.xml)</visible>
			</control>

			<control type="label">
				<width>780</width>
				<height>21</height>
				<textcolor>orange</textcolor>
				<font>font13</font>
				<align>left</align>
				<label>SmartPlaylistRule.xml</label>
				<visible>Window.IsVisible(SmartPlaylistRule.xml)</visible>
			</control>

			<control type="label">
				<width>780</width>
				<height>21</height>
				<textcolor>orange</textcolor>
				<font>font13</font>
				<align>left</align>
				<label>VideoOSD.xml</label>
				<visible>Window.IsVisible(VideoOSD.xml)</visible>
			</control>

			<control type="label">
				<width>780</width>
				<height>21</height>
				<textcolor>orange</textcolor>
				<font>font13</font>
				<align>left</align>
				<label>VideoOSDBookmarks.xml</label>
				<visible>Window.IsVisible(VideoOSDBookmarks.xml)</visible>
			</control>

			<control type="label">
				<width>780</width>
				<height>21</height>
				<textcolor>orange</textcolor>
				<font>font13</font>
				<align>left</align>
				<label>VideoOSDSettings.xml</label>
				<visible>Window.IsVisible(VideoOSDSettings.xml)</visible>
			</control>

			<control type="label">
				<width>780</width>
				<height>21</height>
				<textcolor>orange</textcolor>
				<font>font13</font>
				<align>left</align>
				<label>VisualisationPresetList.xml</label>
				<visible>Window.IsVisible(VisualisationPresetList.xml)</visible>
			</control>

		</control>

		<!-- Control label -->

		<control type="label">
			<right>15</right>
			<top>60</top>
			<height>21</height>
			<textcolor>white</textcolor>
			<font>font13</font>
			<align>right</align>
			<label>$INFO[System.CurrentControl]$INFO[System.CurrentControlID, - ,]</label>
			<visible>Skin.HasSetting(DebugInfo)</visible>
		</control>

		<!-- Path label -->

		<control type="label">
			<right>15</right>
			<top>20</top>
			<height>21</height>
			<textcolor>yellow</textcolor>
			<font>font13</font>
			<align>right</align>
			<label>[COLOR=FF00FF00]$INFO[Container.FolderName,, - ][/COLOR]$INFO[Container.FolderPath]</label>
			<visible>Skin.HasSetting(DebugInfo)</visible>
		</control>

	</controls>

</window>