<?xml version="1.0" encoding="UTF-8"?>
<fonts>
	<fontset id="Default" idloc="15109">
		<!-- Normal Fonts -->
		<font>
			<name>font09</name>
			<filename>NotoSans-Regular.ttf</filename>
			<size>20</size>
		</font>
		<font>
			<name>font10</name>
			<filename>NotoSans-Regular.ttf</filename>
			<size>23</size>
			<style>lighten</style>
		</font>
		<font>
			<name>font12</name>
			<filename>NotoSans-Regular.ttf</filename>
			<size>25</size>
			<style>lighten</style>
		</font>
		<font>
			<name>font12_bold</name>
			<filename>NotoSans-Regular.ttf</filename>
			<size>25</size>
			<style>bold</style>
		</font>
		<font>
			<name>fontplot</name>
			<filename>NotoSans-Regular.ttf</filename>
			<size>27</size>
			<style>lighten</style>
		</font>
		<font>
			<name>fontplot2</name>
			<filename>NotoSans-Regular.ttf</filename>
			<size>29</size>
			<style>lighten</style>
		</font>
		<font>
			<name>font13</name>
			<filename>NotoSans-Regular.ttf</filename>
			<size>30</size>
			<style>lighten</style>
		</font>
		<font>
			<name>font14</name>
			<filename>NotoSans-Regular.ttf</filename>
			<size>33</size>
			<style>lighten</style>
		</font>
		<font>
			<name>font25_narrow</name>
			<filename>NotoSans-Regular.ttf</filename>
			<size>25</size>
			<style>lighten</style>
			<linespacing>0.8</linespacing>
		</font>
		<font>
			<name>font27</name>
			<filename>NotoSans-Regular.ttf</filename>
			<size>27</size>
			<style>lighten</style>
		</font>
		<font>
			<name>font27_narrow</name>
			<filename>NotoSans-Regular.ttf</filename>
			<size>25</size>
			<style>lighten</style>
			<linespacing>0.8</linespacing>
		</font>
		<font>
			<name>font37</name>
			<filename>NotoSans-Regular.ttf</filename>
			<size>37</size>
			<style>lighten</style>
		</font>
		<font>
			<name>font45</name>
			<filename>NotoSans-Regular.ttf</filename>
			<size>45</size>
			<style>lighten</style>
		</font>
		<font>
			<name>font60</name>
			<filename>NotoSans-Regular.ttf</filename>
			<size>60</size>
			<style>lighten</style>
		</font>
		<font>
			<name>font_clock</name>
			<filename>Roboto-Thin.ttf</filename>
			<size>70</size>
		</font>
		<font>
			<name>font_date</name>
			<filename>Roboto-Thin.ttf</filename>
			<size>30</size>
		</font>
		<!-- Title Fonts -->
		<font>
			<name>font_flag</name>
			<filename>RobotoCondensed-Bold.ttf</filename>
			<size>38</size>
		</font>
		<font>
			<name>font20_title</name>
			<filename>NotoSans-Bold.ttf</filename>
			<size>20</size>
		</font>
		<font>
			<name>font25_title</name>
			<filename>NotoSans-Bold.ttf</filename>
			<size>25</size>
		</font>
		<font>
			<name>font28_title</name>
			<filename>NotoSans-Bold.ttf</filename>
			<size>28</size>
		</font>
		<font>
			<name>font30_title</name>
			<filename>NotoSans-Bold.ttf</filename>
			<size>30</size>
		</font>
		<font>
			<name>font32_title</name>
			<filename>NotoSans-Bold.ttf</filename>
			<size>32</size>
		</font>
		<font>
			<name>font36_title</name>
			<filename>NotoSans-Bold.ttf</filename>
			<size>36</size>
		</font>
		<font>
			<name>font45_title</name>
			<filename>NotoSans-Bold.ttf</filename>
			<size>45</size>
		</font>
		<font>
			<name>font50_title</name>
			<filename>NotoSans-Bold.ttf</filename>
			<size>50</size>
		</font>
		<font>
			<name>font52_title</name>
			<filename>NotoSans-Bold.ttf</filename>
			<size>52</size>
		</font>
		<font>
			<name>font_MainMenu</name>
			<filename>NotoSans-Bold.ttf</filename>
			<size>60</size>
		</font>
		<font>
			<name>WeatherTemp</name>
			<aspect>0.85</aspect>
			<filename>NotoSans-Bold.ttf</filename>
			<size>120</size>
		</font>
		<font>
			<name>Mono26</name>
			<filename>NotoMono-Regular.ttf</filename>
			<size>26</size>
		</font>
		<font>
			<name>Mono30</name>
			<filename>NotoMono-Regular.ttf</filename>
			<size>30</size>
		</font>
		<font>
			<name>Font-Disc</name>
			<filename>PermanentMarker.ttf</filename>
			<size>22</size>
			<linespacing>.8</linespacing>
		</font>
		<font>
		<name>Font-Disc2</name>
			<filename>PermanentMarker.ttf</filename>
			<size>26</size>
			<linespacing>.8</linespacing>
		</font>
		<font>
			<name>Font-Flag</name>
			<filename>RobotoCondensed-Bold.ttf</filename>
			<size>39</size>
		</font>
		<font>
			<name>Font-Flag-Small</name>
			<filename>RobotoCondensed-Bold.ttf</filename>
			<size>33</size>
		</font>
		<font>
			<name>Font-Flag-Small2</name>
			<filename>RobotoCondensed-Bold.ttf</filename>
			<size>32</size>
		</font>
		<font>
			<name>Font-Flag-Small3</name>
			<filename>RobotoCondensed-Bold.ttf</filename>
			<size>28</size>
		</font>
		<!-- Lyrics Fonts -->
		<font>
			<name>lyr0</name>
			<filename>lyrics/Fredoka One.ttf</filename>
			<linespacing>0.9</linespacing>
			<size>36</size>
		</font>
		<font>
			<name>lyr1</name>
			<filename>lyrics/Theboldfont.ttf</filename>
			<size>100</size>
		</font>
		<font>
			<name>lyr1b</name>
			<filename>lyrics/PollerOne.ttf</filename>
			<linespacing>0.9</linespacing>
			<aspect>0.9</aspect>
			<size>54</size>
		</font>
		<font>
			<name>lyr2</name>
			<filename>lyrics/Luckiest Guy.ttf</filename>
			<style>uppercase</style>
			<linespacing>0.9</linespacing>
			<size>100</size>
		</font>
		<font>
			<name>lyr2b</name>
			<filename>lyrics/Exo2-Black.ttf</filename>
			<linespacing>0.80</linespacing>
			<size>58</size>
		</font>
		<font>
			<name>lyr3</name>
			<filename>lyrics/SF Distant Galaxy.ttf</filename>
			<style>lowercase</style>
			<linespacing>0.9</linespacing>
			<size>100</size>
		</font>
		<font>
			<name>lyr3b</name>
			<filename>lyrics/Ranchers-Regular.ttf</filename>
			<aspect>1.4</aspect>
			<linespacing>0.9</linespacing>
			<size>50</size>
		</font>
		<font>
			<name>lyr4</name>
			<filename>lyrics/Geomancy - Extra Bold.ttf</filename>
			<linespacing>0.9</linespacing>
			<size>80</size>
		</font>
		<font>
			<name>lyr4b</name>
			<filename>lyrics/hemi head bd it.ttf</filename>
			<style>bold</style>
			<linespacing>0.85</linespacing>
			<size>54</size>
		</font>
		<font>
			<name>lyr5</name>
			<filename>lyrics/BOXING.ttf</filename>
			<aspect>1.3</aspect>
			<style>lowercase</style>
			<linespacing>0.9</linespacing>
			<size>104</size>
		</font>
		<font>
			<name>lyr5b</name>
			<filename>lyrics/Fredoka One.ttf</filename>
			<linespacing>0.85</linespacing>
			<size>54</size>
		</font>
		<font>
			<name>lyr6</name>
			<filename>lyrics/Theboldfont.ttf</filename>
			<size>100</size>
		</font>
		<font>
			<name>lyr6b</name>
			<filename>lyrics/PollerOne.ttf</filename>
			<linespacing>0.9</linespacing>
			<aspect>0.9</aspect>
			<size>54</size>
		</font>
		<font>
			<name>lyr7</name>
			<style>uppercase</style>
			<filename>lyrics/Luckiest Guy.ttf</filename>
			<size>80</size>
		</font>
		<font>
			<name>lyr7a</name>
			<style>uppercase</style>
			<filename>lyrics/Luckiest Guy.ttf</filename>
			<size>135</size>
		</font>
		<font>
			<name>lyr7b</name>
			<style>uppercase</style>
			<filename>lyrics/Luckiest Guy.ttf</filename>
			<size>190</size>
		</font>
		<font>
			<name>lyr7c</name>
			<filename>lyrics/Exo2-Black.ttf</filename>
			<linespacing>0.80</linespacing>
			<size>56</size>
		</font>
		<font>
			<name>lyr8</name>
			<filename>lyrics/SF Distant Galaxy.ttf</filename>
			<style>lowercase</style>
			<linespacing>0.9</linespacing>
			<size>100</size>
		</font>
		<font>
			<name>lyr8b</name>
			<filename>lyrics/Ranchers-Regular.ttf</filename>
			<aspect>1.4</aspect>
			<linespacing>0.9</linespacing>
			<size>50</size>
		</font>
		<font>
			<name>lyr9</name>
			<filename>lyrics/Geomancy - Extra Bold.ttf</filename>
			<linespacing>0.9</linespacing>
			<size>90</size>
		</font>
		<font>
			<name>lyr9b</name>
			<filename>lyrics/hemi head bd it.ttf</filename>
			<style>bold</style>
			<linespacing>0.85</linespacing>
			<size>54</size>
		</font>
		<font>
			<name>lyr10</name>
			<style>uppercase</style>
			<filename>lyrics/Luckiest Guy.ttf</filename>
			<size>140</size>
		</font>
		<font>
			<name>lyr10b</name>
			<style>uppercase</style>
			<filename>lyrics/Luckiest Guy.ttf</filename>
			<size>115</size>
		</font>
		<font>
			<name>lyr10c</name>
			<style>uppercase</style>
			<filename>lyrics/Luckiest Guy.ttf</filename>
			<size>90</size>
		</font>
		<font>
			<name>lyr10d</name>
			<filename>lyrics/Exo2-Black.ttf</filename>
			<linespacing>0.80</linespacing>
			<size>56</size>
		</font>
		<font>
			<name>lyr11</name>
			<filename>lyrics/Theboldfont.ttf</filename>
			<size>100</size>
		</font>
		<font>
			<name>lyr11b</name>
			<filename>lyrics/PollerOne.ttf</filename>
			<linespacing>0.9</linespacing>
			<aspect>0.9</aspect>
			<size>54</size>
		</font>
		<font>
			<name>lyr12</name>
			<filename>lyrics/BOXING.ttf</filename>
			<style>lowercase</style>
			<linespacing>0.9</linespacing>
			<size>255</size>
		</font>
		<font>
			<name>lyr12b</name>
			<filename>lyrics/BOXING.ttf</filename>
			<style>lowercase</style>
			<linespacing>0.9</linespacing>
			<size>165</size>
		</font>
		<font>
			<name>lyr12c</name>
			<filename>lyrics/BOXING.ttf</filename>
			<style>lowercase</style>
			<linespacing>0.9</linespacing>
			<size>200</size>
		</font>
		<font>
			<name>lyr12d</name>
			<filename>lyrics/Fredoka One.ttf</filename>
			<linespacing>0.9</linespacing>
			<size>58</size>
		</font>
		<font>
			<name>lyr13</name>
			<filename>lyrics/SF Distant Galaxy.ttf</filename>
			<style>lowercase</style>
			<linespacing>0.9</linespacing>
			<size>100</size>
		</font>
		<font>
			<name>lyr13b</name>
			<filename>lyrics/Ranchers-Regular.ttf</filename>
			<aspect>1.4</aspect>
			<linespacing>0.9</linespacing>
			<size>50</size>
		</font>
		<font>
			<name>lyr14</name>
			<style>uppercase</style>
			<filename>lyrics/Luckiest Guy.ttf</filename>
			<size>100</size>
		</font>
		<font>
			<name>lyr14b</name>
			<style>uppercase</style>
			<filename>lyrics/Luckiest Guy.ttf</filename>
			<size>120</size>
		</font>
		<font>
			<name>lyr14c</name>
			<style>uppercase</style>
			<filename>lyrics/Luckiest Guy.ttf</filename>
			<size>140</size>
		</font>
		<font>
			<name>lyr14d</name>
			<filename>lyrics/Exo2-Black.ttf</filename>
			<linespacing>0.8</linespacing>
			<size>56</size>
		</font>
		<font>
			<name>lyr15</name>
			<filename>lyrics/Geomancy - Extra Bold.ttf</filename>
			<linespacing>0.9</linespacing>
			<size>90</size>
		</font>
		<font>
			<name>lyr15b</name>
			<filename>lyrics/hemi head bd it.ttf</filename>
			<style>bold</style>
			<linespacing>0.85</linespacing>
			<size>54</size>
		</font>
		<font>
			<name>lyr16</name>
			<filename>lyrics/Theboldfont.ttf</filename>
			<size>100</size>
		</font>
		<font>
			<name>lyr16b</name>
			<filename>lyrics/PollerOne.ttf</filename>
			<linespacing>0.9</linespacing>
			<aspect>0.9</aspect>
			<size>54</size>
		</font>
		<font>
			<name>lyr17</name>
			<style>uppercase</style>
			<filename>lyrics/Luckiest Guy.ttf</filename>
			<size>80</size>
		</font>
		<font>
			<name>lyr17a</name>
			<style>uppercase</style>
			<filename>lyrics/Luckiest Guy.ttf</filename>
			<size>135</size>
		</font>
		<font>
			<name>lyr17b</name>
			<style>uppercase</style>
			<filename>lyrics/Luckiest Guy.ttf</filename>
			<size>190</size>
		</font>
		<font>
			<name>lyr17c</name>
			<filename>lyrics/Exo2-Black.ttf</filename>
			<linespacing>0.80</linespacing>
			<size>56</size>
		</font>
		<font>
			<name>lyr18</name>
			<filename>lyrics/Geomancy - Extra Bold.ttf</filename>
			<linespacing>0.9</linespacing>
			<size>80</size>
		</font>
		<font>
			<name>lyr18b</name>
			<filename>lyrics/hemi head bd it.ttf</filename>
			<style>bold</style>
			<linespacing>0.85</linespacing>
			<size>54</size>
		</font>
		<font>
			<name>lyr19</name>
			<filename>lyrics/BOXING.ttf</filename>
			<style>lowercase</style>
			<linespacing>0.9</linespacing>
			<size>210</size>
		</font>
		<font>
			<name>lyr19b</name>
			<filename>lyrics/BOXING.ttf</filename>
			<style>lowercase</style>
			<linespacing>0.9</linespacing>
			<size>170</size>
		</font>
		<font>
			<name>lyr19c</name>
			<filename>lyrics/BOXING.ttf</filename>
			<style>lowercase</style>
			<linespacing>0.9</linespacing>
			<size>115</size>
		</font>
		<font>
			<name>lyr19d</name>
			<filename>lyrics/Fredoka One.ttf</filename>
			<linespacing>0.9</linespacing>
			<size>58</size>
		</font>
		<font>
			<name>lyr20</name>
			<filename>lyrics/SF Distant Galaxy.ttf</filename>
			<style>lowercase</style>
			<linespacing>0.9</linespacing>
			<size>100</size>
		</font>
		<font>
			<name>lyr20b</name>
			<filename>lyrics/Ranchers-Regular.ttf</filename>
			<aspect>1.4</aspect>
			<linespacing>0.9</linespacing>
			<size>50</size>
		</font>
		<font>
			<name>lyrsh16</name>
			<filename>lyrics/PollerOne.ttf</filename>
			<linespacing>0.9</linespacing>
			<aspect>0.9</aspect>
			<size>70</size>
		</font>
		<font>
			<name>lyrsh38</name>
			<filename>lyrics/Exo2-Black.ttf</filename>
			<linespacing>0.80</linespacing>
			<size>80</size>
		</font>
		<font>
			<name>lyrsh50</name>
			<filename>lyrics/hemi head bd it.ttf</filename>
			<style>bold</style>
			<linespacing>0.85</linespacing>
			<size>73</size>
		</font>
		<font>
			<name>lyrsh72</name>
			<filename>lyrics/Fredoka One.ttf</filename>
			<linespacing>0.8</linespacing>
			<size>81</size>
		</font>
		<font>
			<name>lyrsh94</name>
			<filename>lyrics/Ranchers-Regular.ttf</filename>
			<aspect>1.4</aspect>
			<linespacing>0.8</linespacing>
			<size>73</size>
		</font>
		<!-- Music visualisation scrolling text font -->
		<font>
            <name>font_musicvis_biggest</name>
            <filename>RobotoCondensed-Light.ttf</filename>
            <size>230</size>
        </font>
        <font>
            <name>font_musicvis_bigger</name>
            <filename>RobotoCondensed-Light.ttf</filename>
            <size>130</size>
        </font>
        <font>
            <name>font_musicvis_big</name>
            <filename>RobotoCondensed-Light.ttf</filename>
            <size>80</size>
        </font>
	</fontset>
	<fontset id="Arial" idloc="31053">
		<!-- Arial Font better for non English -->
		<font>
			<name>font09</name>
			<filename>arial.ttf</filename>
			<size>17</size>
		</font>
		<font>
			<name>font10</name>
			<filename>arial.ttf</filename>
			<size>18</size>
		</font>
		<font>
			<name>font12</name>
			<filename>arial.ttf</filename>
			<size>22</size>
		</font>
		<font>
			<name>font12_bold</name>
			<filename>arial.ttf</filename>
			<size>22</size>
			<style>bold</style>
		</font>
		<font>
			<name>fontplot</name>
			<filename>arial.ttf</filename>
			<size>25</size>
			<style>lighten</style>
		</font>
		<font>
			<name>fontplot2</name>
			<filename>arial.ttf</filename>
			<size>28</size>
			<style>lighten</style>
		</font>
		<font>
			<name>font13</name>
			<filename>arial.ttf</filename>
			<size>27</size>
		</font>
		<font>
			<name>font14</name>
			<filename>arial.ttf</filename>
			<size>30</size>
		</font>
		<font>
			<name>font25_narrow</name>
			<filename>arial.ttf</filename>
			<size>25</size>
			<linespacing>0.8</linespacing>
		</font>
		<font>
			<name>font27</name>
			<filename>arial.ttf</filename>
			<size>27</size>
		</font>
		<font>
			<name>font37</name>
			<filename>arial.ttf</filename>
			<size>37</size>
		</font>
		<font>
			<name>font45</name>
			<filename>arial.ttf</filename>
			<size>45</size>
		</font>
		<font>
			<name>font60</name>
			<filename>arial.ttf</filename>
			<size>60</size>
			<style>lighten</style>
		</font>
		<font>
			<name>font_clock</name>
			<filename>Roboto-Thin.ttf</filename>
			<size>70</size>
		</font>
		<!-- Title Fonts -->
		<font>
			<name>font_flag</name>
			<filename>RobotoCondensed-Bold.ttf</filename>
			<size>38</size>
		</font>
		<font>
			<name>font20_title</name>
			<filename>arial.ttf</filename>
			<size>20</size>
			<style>bold</style>
		</font>
		<font>
			<name>font25_title</name>
			<filename>arial.ttf</filename>
			<size>25</size>
			<style>bold</style>
		</font>
		<font>
			<name>font28_title</name>
			<filename>arial.ttf</filename>
			<size>28</size>
			<style>bold</style>
		</font>
		<font>
			<name>font30_title</name>
			<filename>arial.ttf</filename>
			<size>30</size>
			<style>bold</style>
		</font>
		<font>
			<name>font36_title</name>
			<filename>arial.ttf</filename>
			<size>36</size>
			<style>bold</style>
		</font>
		<font>
			<name>font45_title</name>
			<filename>arial.ttf</filename>
			<size>45</size>
			<style>bold</style>
		</font>
		<font>
			<name>font52_title</name>
			<filename>arial.ttf</filename>
			<size>52</size>
			<style>bold</style>
		</font>
		<font>
			<name>font_MainMenu</name>
			<filename>arial.ttf</filename>
			<size>52</size>
			<style>bold</style>
		</font>
		<font>
			<name>WeatherTemp</name>
			<filename>arial.ttf</filename>
			<size>100</size>
			<style>bold</style>
		</font>
		<font>
			<name>Mono26</name>
			<filename>arial.ttf</filename>
			<size>26</size>
		</font>
		<font>
			<name>Mono30</name>
			<filename>arial.ttf</filename>
			<size>30</size>
		</font>
		<font>
			<name>Font-Disc</name>
			<filename>PermanentMarker.ttf</filename>
			<size>22</size>
			<linespacing>.8</linespacing>
		</font>
		<font>
		<name>Font-Disc2</name>
			<filename>PermanentMarker.ttf</filename>
			<size>26</size>
			<linespacing>.8</linespacing>
		</font>
		<font>
			<name>Font-Flag</name>
			<filename>RobotoCondensed-Bold.ttf</filename>
			<size>39</size>
		</font>
		<font>
			<name>Font-Flag-Small</name>
			<filename>RobotoCondensed-Bold.ttf</filename>
			<size>33</size>
		</font>
		<font>
			<name>Font-Flag-Small2</name>
			<filename>RobotoCondensed-Bold.ttf</filename>
			<size>32</size>
		</font>
		<font>
			<name>Font-Flag-Small3</name>
			<filename>RobotoCondensed-Bold.ttf</filename>
			<size>28</size>
		</font>
		<!-- Lyrics Fonts -->
		<font>
			<name>lyr0</name>
			<filename>lyrics/Fredoka One.ttf</filename>
			<linespacing>0.9</linespacing>
			<size>36</size>
		</font>
		<font>
			<name>lyr1</name>
			<filename>lyrics/Theboldfont.ttf</filename>
			<size>100</size>
		</font>
		<font>
			<name>lyr1b</name>
			<filename>lyrics/PollerOne.ttf</filename>
			<linespacing>0.9</linespacing>
			<aspect>0.9</aspect>
			<size>54</size>
		</font>
		<font>
			<name>lyr2</name>
			<filename>lyrics/Luckiest Guy.ttf</filename>
			<style>uppercase</style>
			<linespacing>0.9</linespacing>
			<size>100</size>
		</font>
		<font>
			<name>lyr2b</name>
			<filename>lyrics/Exo2-Black.ttf</filename>
			<linespacing>0.80</linespacing>
			<size>58</size>
		</font>
		<font>
			<name>lyr3</name>
			<filename>lyrics/SF Distant Galaxy.ttf</filename>
			<style>lowercase</style>
			<linespacing>0.9</linespacing>
			<size>100</size>
		</font>
		<font>
			<name>lyr3b</name>
			<filename>lyrics/Ranchers-Regular.ttf</filename>
			<aspect>1.4</aspect>
			<linespacing>0.9</linespacing>
			<size>50</size>
		</font>
		<font>
			<name>lyr4</name>
			<filename>lyrics/Geomancy - Extra Bold.ttf</filename>
			<linespacing>0.9</linespacing>
			<size>80</size>
		</font>
		<font>
			<name>lyr4b</name>
			<filename>lyrics/hemi head bd it.ttf</filename>
			<style>bold</style>
			<linespacing>0.85</linespacing>
			<size>54</size>
		</font>
		<font>
			<name>lyr5</name>
			<filename>lyrics/BOXING.ttf</filename>
			<aspect>1.3</aspect>
			<style>lowercase</style>
			<linespacing>0.9</linespacing>
			<size>104</size>
		</font>
		<font>
			<name>lyr5b</name>
			<filename>lyrics/Fredoka One.ttf</filename>
			<linespacing>0.85</linespacing>
			<size>54</size>
		</font>
		<font>
			<name>lyr6</name>
			<filename>lyrics/Theboldfont.ttf</filename>
			<size>100</size>
		</font>
		<font>
			<name>lyr6b</name>
			<filename>lyrics/PollerOne.ttf</filename>
			<linespacing>0.9</linespacing>
			<aspect>0.9</aspect>
			<size>54</size>
		</font>
		<font>
			<name>lyr7</name>
			<style>uppercase</style>
			<filename>lyrics/Luckiest Guy.ttf</filename>
			<size>80</size>
		</font>
		<font>
			<name>lyr7a</name>
			<style>uppercase</style>
			<filename>lyrics/Luckiest Guy.ttf</filename>
			<size>135</size>
		</font>
		<font>
			<name>lyr7b</name>
			<style>uppercase</style>
			<filename>lyrics/Luckiest Guy.ttf</filename>
			<size>190</size>
		</font>
		<font>
			<name>lyr7c</name>
			<filename>lyrics/Exo2-Black.ttf</filename>
			<linespacing>0.80</linespacing>
			<size>56</size>
		</font>
		<font>
			<name>lyr8</name>
			<filename>lyrics/SF Distant Galaxy.ttf</filename>
			<style>lowercase</style>
			<linespacing>0.9</linespacing>
			<size>100</size>
		</font>
		<font>
			<name>lyr8b</name>
			<filename>lyrics/Ranchers-Regular.ttf</filename>
			<aspect>1.4</aspect>
			<linespacing>0.9</linespacing>
			<size>50</size>
		</font>
		<font>
			<name>lyr9</name>
			<filename>lyrics/Geomancy - Extra Bold.ttf</filename>
			<linespacing>0.9</linespacing>
			<size>90</size>
		</font>
		<font>
			<name>lyr9b</name>
			<filename>lyrics/hemi head bd it.ttf</filename>
			<style>bold</style>
			<linespacing>0.85</linespacing>
			<size>54</size>
		</font>
		<font>
			<name>lyr10</name>
			<style>uppercase</style>
			<filename>lyrics/Luckiest Guy.ttf</filename>
			<size>140</size>
		</font>
		<font>
			<name>lyr10b</name>
			<style>uppercase</style>
			<filename>lyrics/Luckiest Guy.ttf</filename>
			<size>115</size>
		</font>
		<font>
			<name>lyr10c</name>
			<style>uppercase</style>
			<filename>lyrics/Luckiest Guy.ttf</filename>
			<size>90</size>
		</font>
		<font>
			<name>lyr10d</name>
			<filename>lyrics/Exo2-Black.ttf</filename>
			<linespacing>0.80</linespacing>
			<size>56</size>
		</font>
		<font>
			<name>lyr11</name>
			<filename>lyrics/Theboldfont.ttf</filename>
			<size>100</size>
		</font>
		<font>
			<name>lyr11b</name>
			<filename>lyrics/PollerOne.ttf</filename>
			<linespacing>0.9</linespacing>
			<aspect>0.9</aspect>
			<size>54</size>
		</font>
		<font>
			<name>lyr12</name>
			<filename>lyrics/BOXING.ttf</filename>
			<style>lowercase</style>
			<linespacing>0.9</linespacing>
			<size>255</size>
		</font>
		<font>
			<name>lyr12b</name>
			<filename>lyrics/BOXING.ttf</filename>
			<style>lowercase</style>
			<linespacing>0.9</linespacing>
			<size>165</size>
		</font>
		<font>
			<name>lyr12c</name>
			<filename>lyrics/BOXING.ttf</filename>
			<style>lowercase</style>
			<linespacing>0.9</linespacing>
			<size>200</size>
		</font>
		<font>
			<name>lyr12d</name>
			<filename>lyrics/Fredoka One.ttf</filename>
			<linespacing>0.9</linespacing>
			<size>58</size>
		</font>
		<font>
			<name>lyr13</name>
			<filename>lyrics/SF Distant Galaxy.ttf</filename>
			<style>lowercase</style>
			<linespacing>0.9</linespacing>
			<size>100</size>
		</font>
		<font>
			<name>lyr13b</name>
			<filename>lyrics/Ranchers-Regular.ttf</filename>
			<aspect>1.4</aspect>
			<linespacing>0.9</linespacing>
			<size>50</size>
		</font>
		<font>
			<name>lyr14</name>
			<style>uppercase</style>
			<filename>lyrics/Luckiest Guy.ttf</filename>
			<size>100</size>
		</font>
		<font>
			<name>lyr14b</name>
			<style>uppercase</style>
			<filename>lyrics/Luckiest Guy.ttf</filename>
			<size>120</size>
		</font>
		<font>
			<name>lyr14c</name>
			<style>uppercase</style>
			<filename>lyrics/Luckiest Guy.ttf</filename>
			<size>140</size>
		</font>
		<font>
			<name>lyr14d</name>
			<filename>lyrics/Exo2-Black.ttf</filename>
			<linespacing>0.8</linespacing>
			<size>56</size>
		</font>
		<font>
			<name>lyr15</name>
			<filename>lyrics/Geomancy - Extra Bold.ttf</filename>
			<linespacing>0.9</linespacing>
			<size>90</size>
		</font>
		<font>
			<name>lyr15b</name>
			<filename>lyrics/hemi head bd it.ttf</filename>
			<style>bold</style>
			<linespacing>0.85</linespacing>
			<size>54</size>
		</font>
		<font>
			<name>lyr16</name>
			<filename>lyrics/Theboldfont.ttf</filename>
			<size>100</size>
		</font>
		<font>
			<name>lyr16b</name>
			<filename>lyrics/PollerOne.ttf</filename>
			<linespacing>0.9</linespacing>
			<aspect>0.9</aspect>
			<size>54</size>
		</font>
		<font>
			<name>lyr17</name>
			<style>uppercase</style>
			<filename>lyrics/Luckiest Guy.ttf</filename>
			<size>80</size>
		</font>
		<font>
			<name>lyr17a</name>
			<style>uppercase</style>
			<filename>lyrics/Luckiest Guy.ttf</filename>
			<size>135</size>
		</font>
		<font>
			<name>lyr17b</name>
			<style>uppercase</style>
			<filename>lyrics/Luckiest Guy.ttf</filename>
			<size>190</size>
		</font>
		<font>
			<name>lyr17c</name>
			<filename>lyrics/Exo2-Black.ttf</filename>
			<linespacing>0.80</linespacing>
			<size>56</size>
		</font>
		<font>
			<name>lyr18</name>
			<filename>lyrics/Geomancy - Extra Bold.ttf</filename>
			<linespacing>0.9</linespacing>
			<size>80</size>
		</font>
		<font>
			<name>lyr18b</name>
			<filename>lyrics/hemi head bd it.ttf</filename>
			<style>bold</style>
			<linespacing>0.85</linespacing>
			<size>54</size>
		</font>
		<font>
			<name>lyr19</name>
			<filename>lyrics/BOXING.ttf</filename>
			<style>lowercase</style>
			<linespacing>0.9</linespacing>
			<size>210</size>
		</font>
		<font>
			<name>lyr19b</name>
			<filename>lyrics/BOXING.ttf</filename>
			<style>lowercase</style>
			<linespacing>0.9</linespacing>
			<size>170</size>
		</font>
		<font>
			<name>lyr19c</name>
			<filename>lyrics/BOXING.ttf</filename>
			<style>lowercase</style>
			<linespacing>0.9</linespacing>
			<size>115</size>
		</font>
		<font>
			<name>lyr19d</name>
			<filename>lyrics/Fredoka One.ttf</filename>
			<linespacing>0.9</linespacing>
			<size>58</size>
		</font>
		<font>
			<name>lyr20</name>
			<filename>lyrics/SF Distant Galaxy.ttf</filename>
			<style>lowercase</style>
			<linespacing>0.9</linespacing>
			<size>100</size>
		</font>
		<font>
			<name>lyr20b</name>
			<filename>lyrics/Ranchers-Regular.ttf</filename>
			<aspect>1.4</aspect>
			<linespacing>0.9</linespacing>
			<size>50</size>
		</font>
		<font>
			<name>lyrsh16</name>
			<filename>lyrics/PollerOne.ttf</filename>
			<linespacing>0.9</linespacing>
			<aspect>0.9</aspect>
			<size>70</size>
		</font>
		<font>
			<name>lyrsh38</name>
			<filename>lyrics/Exo2-Black.ttf</filename>
			<linespacing>0.80</linespacing>
			<size>80</size>
		</font>
		<font>
			<name>lyrsh50</name>
			<filename>lyrics/hemi head bd it.ttf</filename>
			<style>bold</style>
			<linespacing>0.85</linespacing>
			<size>73</size>
		</font>
		<font>
			<name>lyrsh72</name>
			<filename>lyrics/Fredoka One.ttf</filename>
			<linespacing>0.8</linespacing>
			<size>81</size>
		</font>
		<font>
			<name>lyrsh94</name>
			<filename>lyrics/Ranchers-Regular.ttf</filename>
			<aspect>1.4</aspect>
			<linespacing>0.8</linespacing>
			<size>73</size>
		</font>
		<!-- Music visualisation scrolling text font -->
		<font>
            <name>font_musicvis_biggest</name>
            <filename>RobotoCondensed-Light.ttf</filename>
            <size>230</size>
        </font>
        <font>
            <name>font_musicvis_bigger</name>
            <filename>RobotoCondensed-Light.ttf</filename>
            <size>130</size>
        </font>
        <font>
            <name>font_musicvis_big</name>
            <filename>RobotoCondensed-Light.ttf</filename>
            <size>80</size>
        </font>
	</fontset>
	<fontset id="Arial Unicode MS" idloc="31644">
		<!-- Normal Fonts -->
		<font>
			<name>font09</name>
			<filename>ArialUnicodeMS.ttf</filename>
			<size>20</size>
		</font>
		<font>
			<name>font10</name>
			<filename>ArialUnicodeMS.ttf</filename>
			<size>23</size>
			<style>lighten</style>
		</font>
		<font>
			<name>font12</name>
			<filename>ArialUnicodeMS.ttf</filename>
			<size>25</size>
			<style>lighten</style>
		</font>
		<font>
			<name>font12_bold</name>
			<filename>ArialUnicodeMS.ttf</filename>
			<size>25</size>
			<style>bold</style>
		</font>
		<font>
			<name>fontplot</name>
			<filename>ArialUnicodeMS.ttf</filename>
			<size>27</size>
			<style>lighten</style>
		</font>
		<font>
			<name>fontplot2</name>
			<filename>ArialUnicodeMS.ttf</filename>
			<size>29</size>
			<style>lighten</style>
		</font>
		<font>
			<name>font13</name>
			<filename>ArialUnicodeMS.ttf</filename>
			<size>30</size>
			<style>lighten</style>
		</font>
		<font>
			<name>font14</name>
			<filename>ArialUnicodeMS.ttf</filename>
			<size>33</size>
			<style>lighten</style>
		</font>
		<font>
			<name>font25_narrow</name>
			<filename>ArialUnicodeMS.ttf</filename>
			<size>25</size>
			<style>lighten</style>
			<linespacing>0.8</linespacing>
		</font>
		<font>
			<name>font27</name>
			<filename>ArialUnicodeMS.ttf</filename>
			<size>27</size>
			<style>lighten</style>
		</font>
		<font>
			<name>font27_narrow</name>
			<filename>ArialUnicodeMS.ttf</filename>
			<size>25</size>
			<style>lighten</style>
			<linespacing>0.8</linespacing>
		</font>
		<font>
			<name>font37</name>
			<filename>ArialUnicodeMS.ttf</filename>
			<size>37</size>
			<style>lighten</style>
		</font>
		<font>
			<name>font45</name>
			<filename>ArialUnicodeMS.ttf</filename>
			<size>45</size>
			<style>lighten</style>
		</font>
		<font>
			<name>font60</name>
			<filename>ArialUnicodeMS.ttf</filename>
			<size>60</size>
			<style>lighten</style>
		</font>
		<font>
			<name>font_clock</name>
			<filename>Roboto-Thin.ttf</filename>
			<size>70</size>
		</font>
		<font>
			<name>font_date</name>
			<filename>ArialUnicodeMS.ttf</filename>
			<size>30</size>
		</font>
		<!-- Title Fonts -->
		<font>
			<name>font_flag</name>
			<filename>RobotoCondensed-Bold.ttf</filename>
			<size>38</size>
		</font>
		<font>
			<name>font20_title</name>
			<filename>ArialUnicodeMS.ttf</filename>
			<size>20</size>
			<style>bold</style>
		</font>
		<font>
			<name>font25_title</name>
			<filename>ArialUnicodeMS.ttf</filename>
			<size>25</size>
			<style>bold</style>
		</font>
		<font>
			<name>font28_title</name>
			<filename>ArialUnicodeMS.ttf</filename>
			<size>28</size>
			<style>bold</style>
		</font>
		<font>
			<name>font30_title</name>
			<filename>ArialUnicodeMS.ttf</filename>
			<size>30</size>
			<style>bold</style>
		</font>
		<font>
			<name>font32_title</name>
			<filename>ArialUnicodeMS.ttf</filename>
			<size>32</size>
			<style>bold</style>
		</font>
		<font>
			<name>font36_title</name>
			<filename>ArialUnicodeMS.ttf</filename>
			<size>36</size>
			<style>bold</style>
		</font>
		<font>
			<name>font45_title</name>
			<filename>ArialUnicodeMS.ttf</filename>
			<size>45</size>
			<style>bold</style>
		</font>
		<font>
			<name>font52_title</name>
			<filename>ArialUnicodeMS.ttf</filename>
			<size>52</size>
			<style>bold</style>
		</font>
		<font>
			<name>font_MainMenu</name>
			<filename>ArialUnicodeMS.ttf</filename>
			<size>60</size>
			<style>bold</style>
		</font>
		<font>
			<name>WeatherTemp</name>
			<aspect>0.85</aspect>
			<filename>ArialUnicodeMS.ttf</filename>
			<size>120</size>
			<style>bold</style>
		</font>
		<font>
			<name>Mono26</name>
			<filename>ArialUnicodeMS.ttf</filename>
			<size>26</size>
		</font>
		<font>
			<name>Mono30</name>
			<filename>ArialUnicodeMS.ttf</filename>
			<size>30</size>
		</font>
		<font>
			<name>Font-Disc</name>
			<filename>PermanentMarker.ttf</filename>
			<size>22</size>
			<linespacing>.8</linespacing>
		</font>
		<font>
			<name>Font-Disc2</name>
			<filename>PermanentMarker.ttf</filename>
			<size>26</size>
			<linespacing>.8</linespacing>
		</font>
		<font>
			<name>Font-Flag</name>
			<filename>RobotoCondensed-Bold.ttf</filename>
			<size>39</size>
		</font>
		<font>
			<name>Font-Flag-Small</name>
			<filename>RobotoCondensed-Bold.ttf</filename>
			<size>33</size>
		</font>
		<font>
			<name>Font-Flag-Small2</name>
			<filename>RobotoCondensed-Bold.ttf</filename>
			<size>32</size>
		</font>
		<font>
			<name>Font-Flag-Small3</name>
			<filename>RobotoCondensed-Bold.ttf</filename>
			<size>28</size>
		</font>
		<!-- Lyrics Fonts -->
		<font>
			<name>lyr0</name>
			<filename>lyrics/Fredoka One.ttf</filename>
			<linespacing>0.9</linespacing>
			<size>36</size>
		</font>
		<font>
			<name>lyr1</name>
			<filename>lyrics/Theboldfont.ttf</filename>
			<size>100</size>
		</font>
		<font>
			<name>lyr1b</name>
			<filename>lyrics/PollerOne.ttf</filename>
			<linespacing>0.9</linespacing>
			<aspect>0.9</aspect>
			<size>54</size>
		</font>
		<font>
			<name>lyr2</name>
			<filename>lyrics/Luckiest Guy.ttf</filename>
			<style>uppercase</style>
			<linespacing>0.9</linespacing>
			<size>100</size>
		</font>
		<font>
			<name>lyr2b</name>
			<filename>lyrics/Exo2-Black.ttf</filename>
			<linespacing>0.80</linespacing>
			<size>58</size>
		</font>
		<font>
			<name>lyr3</name>
			<filename>lyrics/SF Distant Galaxy.ttf</filename>
			<style>lowercase</style>
			<linespacing>0.9</linespacing>
			<size>100</size>
		</font>
		<font>
			<name>lyr3b</name>
			<filename>lyrics/Ranchers-Regular.ttf</filename>
			<aspect>1.4</aspect>
			<linespacing>0.9</linespacing>
			<size>50</size>
		</font>
		<font>
			<name>lyr4</name>
			<filename>lyrics/Geomancy - Extra Bold.ttf</filename>
			<linespacing>0.9</linespacing>
			<size>80</size>
		</font>
		<font>
			<name>lyr4b</name>
			<filename>lyrics/hemi head bd it.ttf</filename>
			<style>bold</style>
			<linespacing>0.85</linespacing>
			<size>54</size>
		</font>
		<font>
			<name>lyr5</name>
			<filename>lyrics/BOXING.ttf</filename>
			<aspect>1.3</aspect>
			<style>lowercase</style>
			<linespacing>0.9</linespacing>
			<size>104</size>
		</font>
		<font>
			<name>lyr5b</name>
			<filename>lyrics/Fredoka One.ttf</filename>
			<linespacing>0.85</linespacing>
			<size>54</size>
		</font>
		<font>
			<name>lyr6</name>
			<filename>lyrics/Theboldfont.ttf</filename>
			<size>100</size>
		</font>
		<font>
			<name>lyr6b</name>
			<filename>lyrics/PollerOne.ttf</filename>
			<linespacing>0.9</linespacing>
			<aspect>0.9</aspect>
			<size>54</size>
		</font>
		<font>
			<name>lyr7</name>
			<style>uppercase</style>
			<filename>lyrics/Luckiest Guy.ttf</filename>
			<size>80</size>
		</font>
		<font>
			<name>lyr7a</name>
			<style>uppercase</style>
			<filename>lyrics/Luckiest Guy.ttf</filename>
			<size>135</size>
		</font>
		<font>
			<name>lyr7b</name>
			<style>uppercase</style>
			<filename>lyrics/Luckiest Guy.ttf</filename>
			<size>190</size>
		</font>
		<font>
			<name>lyr7c</name>
			<filename>lyrics/Exo2-Black.ttf</filename>
			<linespacing>0.80</linespacing>
			<size>56</size>
		</font>
		<font>
			<name>lyr8</name>
			<filename>lyrics/SF Distant Galaxy.ttf</filename>
			<style>lowercase</style>
			<linespacing>0.9</linespacing>
			<size>100</size>
		</font>
		<font>
			<name>lyr8b</name>
			<filename>lyrics/Ranchers-Regular.ttf</filename>
			<aspect>1.4</aspect>
			<linespacing>0.9</linespacing>
			<size>50</size>
		</font>
		<font>
			<name>lyr9</name>
			<filename>lyrics/Geomancy - Extra Bold.ttf</filename>
			<linespacing>0.9</linespacing>
			<size>90</size>
		</font>
		<font>
			<name>lyr9b</name>
			<filename>lyrics/hemi head bd it.ttf</filename>
			<style>bold</style>
			<linespacing>0.85</linespacing>
			<size>54</size>
		</font>
		<font>
			<name>lyr10</name>
			<style>uppercase</style>
			<filename>lyrics/Luckiest Guy.ttf</filename>
			<size>140</size>
		</font>
		<font>
			<name>lyr10b</name>
			<style>uppercase</style>
			<filename>lyrics/Luckiest Guy.ttf</filename>
			<size>115</size>
		</font>
		<font>
			<name>lyr10c</name>
			<style>uppercase</style>
			<filename>lyrics/Luckiest Guy.ttf</filename>
			<size>90</size>
		</font>
		<font>
			<name>lyr10d</name>
			<filename>lyrics/Exo2-Black.ttf</filename>
			<linespacing>0.80</linespacing>
			<size>56</size>
		</font>
		<font>
			<name>lyr11</name>
			<filename>lyrics/Theboldfont.ttf</filename>
			<size>100</size>
		</font>
		<font>
			<name>lyr11b</name>
			<filename>lyrics/PollerOne.ttf</filename>
			<linespacing>0.9</linespacing>
			<aspect>0.9</aspect>
			<size>54</size>
		</font>
		<font>
			<name>lyr12</name>
			<filename>lyrics/BOXING.ttf</filename>
			<style>lowercase</style>
			<linespacing>0.9</linespacing>
			<size>255</size>
		</font>
		<font>
			<name>lyr12b</name>
			<filename>lyrics/BOXING.ttf</filename>
			<style>lowercase</style>
			<linespacing>0.9</linespacing>
			<size>165</size>
		</font>
		<font>
			<name>lyr12c</name>
			<filename>lyrics/BOXING.ttf</filename>
			<style>lowercase</style>
			<linespacing>0.9</linespacing>
			<size>200</size>
		</font>
		<font>
			<name>lyr12d</name>
			<filename>lyrics/Fredoka One.ttf</filename>
			<linespacing>0.9</linespacing>
			<size>58</size>
		</font>
		<font>
			<name>lyr13</name>
			<filename>lyrics/SF Distant Galaxy.ttf</filename>
			<style>lowercase</style>
			<linespacing>0.9</linespacing>
			<size>100</size>
		</font>
		<font>
			<name>lyr13b</name>
			<filename>lyrics/Ranchers-Regular.ttf</filename>
			<aspect>1.4</aspect>
			<linespacing>0.9</linespacing>
			<size>50</size>
		</font>
		<font>
			<name>lyr14</name>
			<style>uppercase</style>
			<filename>lyrics/Luckiest Guy.ttf</filename>
			<size>100</size>
		</font>
		<font>
			<name>lyr14b</name>
			<style>uppercase</style>
			<filename>lyrics/Luckiest Guy.ttf</filename>
			<size>120</size>
		</font>
		<font>
			<name>lyr14c</name>
			<style>uppercase</style>
			<filename>lyrics/Luckiest Guy.ttf</filename>
			<size>140</size>
		</font>
		<font>
			<name>lyr14d</name>
			<filename>lyrics/Exo2-Black.ttf</filename>
			<linespacing>0.8</linespacing>
			<size>56</size>
		</font>
		<font>
			<name>lyr15</name>
			<filename>lyrics/Geomancy - Extra Bold.ttf</filename>
			<linespacing>0.9</linespacing>
			<size>90</size>
		</font>
		<font>
			<name>lyr15b</name>
			<filename>lyrics/hemi head bd it.ttf</filename>
			<style>bold</style>
			<linespacing>0.85</linespacing>
			<size>54</size>
		</font>
		<font>
			<name>lyr16</name>
			<filename>lyrics/Theboldfont.ttf</filename>
			<size>100</size>
		</font>
		<font>
			<name>lyr16b</name>
			<filename>lyrics/PollerOne.ttf</filename>
			<linespacing>0.9</linespacing>
			<aspect>0.9</aspect>
			<size>54</size>
		</font>
		<font>
			<name>lyr17</name>
			<style>uppercase</style>
			<filename>lyrics/Luckiest Guy.ttf</filename>
			<size>80</size>
		</font>
		<font>
			<name>lyr17a</name>
			<style>uppercase</style>
			<filename>lyrics/Luckiest Guy.ttf</filename>
			<size>135</size>
		</font>
		<font>
			<name>lyr17b</name>
			<style>uppercase</style>
			<filename>lyrics/Luckiest Guy.ttf</filename>
			<size>190</size>
		</font>
		<font>
			<name>lyr17c</name>
			<filename>lyrics/Exo2-Black.ttf</filename>
			<linespacing>0.80</linespacing>
			<size>56</size>
		</font>
		<font>
			<name>lyr18</name>
			<filename>lyrics/Geomancy - Extra Bold.ttf</filename>
			<linespacing>0.9</linespacing>
			<size>80</size>
		</font>
		<font>
			<name>lyr18b</name>
			<filename>lyrics/hemi head bd it.ttf</filename>
			<style>bold</style>
			<linespacing>0.85</linespacing>
			<size>54</size>
		</font>
		<font>
			<name>lyr19</name>
			<filename>lyrics/BOXING.ttf</filename>
			<style>lowercase</style>
			<linespacing>0.9</linespacing>
			<size>210</size>
		</font>
		<font>
			<name>lyr19b</name>
			<filename>lyrics/BOXING.ttf</filename>
			<style>lowercase</style>
			<linespacing>0.9</linespacing>
			<size>170</size>
		</font>
		<font>
			<name>lyr19c</name>
			<filename>lyrics/BOXING.ttf</filename>
			<style>lowercase</style>
			<linespacing>0.9</linespacing>
			<size>115</size>
		</font>
		<font>
			<name>lyr19d</name>
			<filename>lyrics/Fredoka One.ttf</filename>
			<linespacing>0.9</linespacing>
			<size>58</size>
		</font>
		<font>
			<name>lyr20</name>
			<filename>lyrics/SF Distant Galaxy.ttf</filename>
			<style>lowercase</style>
			<linespacing>0.9</linespacing>
			<size>100</size>
		</font>
		<font>
			<name>lyr20b</name>
			<filename>lyrics/Ranchers-Regular.ttf</filename>
			<aspect>1.4</aspect>
			<linespacing>0.9</linespacing>
			<size>50</size>
		</font>
		<font>
			<name>lyrsh16</name>
			<filename>lyrics/PollerOne.ttf</filename>
			<linespacing>0.9</linespacing>
			<aspect>0.9</aspect>
			<size>70</size>
		</font>
		<font>
			<name>lyrsh38</name>
			<filename>lyrics/Exo2-Black.ttf</filename>
			<linespacing>0.80</linespacing>
			<size>80</size>
		</font>
		<font>
			<name>lyrsh50</name>
			<filename>lyrics/hemi head bd it.ttf</filename>
			<style>bold</style>
			<linespacing>0.85</linespacing>
			<size>73</size>
		</font>
		<font>
			<name>lyrsh72</name>
			<filename>lyrics/Fredoka One.ttf</filename>
			<linespacing>0.8</linespacing>
			<size>81</size>
		</font>
		<font>
			<name>lyrsh94</name>
			<filename>lyrics/Ranchers-Regular.ttf</filename>
			<aspect>1.4</aspect>
			<linespacing>0.8</linespacing>
			<size>73</size>
		</font>
		<!-- Music visualisation scrolling text font -->
		<font>
            <name>font_musicvis_biggest</name>
            <filename>RobotoCondensed-Light.ttf</filename>
            <size>230</size>
        </font>
        <font>
            <name>font_musicvis_bigger</name>
            <filename>RobotoCondensed-Light.ttf</filename>
            <size>130</size>
        </font>
        <font>
            <name>font_musicvis_big</name>
            <filename>RobotoCondensed-Light.ttf</filename>
            <size>80</size>
        </font>
	</fontset>
	<fontset id="Economica" idloc="31619">
		<!-- Normal Fonts -->
		<font>
			<name>font09</name>
			<filename>Economica-Regular.ttf</filename>
			<size>20</size>
		</font>
		<font>
			<name>font10</name>
			<filename>Economica-Regular.ttf</filename>
			<size>23</size>
			<style>lighten</style>
		</font>
		<font>
			<name>font12</name>
			<filename>Economica-Regular.ttf</filename>
			<size>25</size>
			<style>lighten</style>
		</font>
		<font>
			<name>font12_bold</name>
			<filename>Economica-Regular.ttf</filename>
			<size>25</size>
			<style>bold</style>
		</font>
		<font>
			<name>fontplot</name>
			<filename>Economica-Regular.ttf</filename>
			<size>27</size>
			<style>lighten</style>
		</font>
		<font>
			<name>fontplot2</name>
			<filename>Economica-Regular.ttf</filename>
			<size>29</size>
			<style>lighten</style>
		</font>
		<font>
			<name>font13</name>
			<filename>Economica-Regular.ttf</filename>
			<size>30</size>
			<style>lighten</style>
		</font>
		<font>
			<name>font14</name>
			<filename>Economica-Regular.ttf</filename>
			<size>33</size>
			<style>lighten</style>
		</font>
		<font>
			<name>font25_narrow</name>
			<filename>Economica-Regular.ttf</filename>
			<size>25</size>
			<style>lighten</style>
			<linespacing>0.8</linespacing>
		</font>
		<font>
			<name>font27</name>
			<filename>Economica-Regular.ttf</filename>
			<size>27</size>
			<style>lighten</style>
		</font>
		<font>
			<name>font27_narrow</name>
			<filename>Economica-Regular.ttf</filename>
			<size>25</size>
			<style>lighten</style>
			<linespacing>0.8</linespacing>
		</font>
		<font>
			<name>font37</name>
			<filename>Economica-Regular.ttf</filename>
			<size>37</size>
			<style>lighten</style>
		</font>
		<font>
			<name>font45</name>
			<filename>Economica-Regular.ttf</filename>
			<size>45</size>
			<style>lighten</style>
		</font>
		<font>
			<name>font60</name>
			<filename>Economica-Regular.ttf</filename>
			<size>60</size>
			<style>lighten</style>
		</font>
		<font>
			<name>font_clock</name>
			<filename>Economica-Regular.ttf</filename>
			<size>70</size>
		</font>
		<font>
			<name>font_date</name>
			<filename>Economica-Regular.ttf</filename>
			<size>30</size>
		</font>
		<!-- Title Fonts -->
		<font>
			<name>font_flag</name>
			<filename>Economica-Bold.ttf</filename>
			<size>40</size>
		</font>
		<font>
			<name>font20_title</name>
			<filename>Economica-Bold.ttf</filename>
			<size>20</size>
		</font>
		<font>
			<name>font25_title</name>
			<filename>Economica-Bold.ttf</filename>
			<size>25</size>
		</font>
		<font>
			<name>font28_title</name>
			<filename>Economica-Bold.ttf</filename>
			<size>28</size>
		</font>
		<font>
			<name>font30_title</name>
			<filename>Economica-Bold.ttf</filename>
			<size>30</size>
		</font>
		<font>
			<name>font32_title</name>
			<filename>Economica-Bold.ttf</filename>
			<size>32</size>
		</font>
		<font>
			<name>font36_title</name>
			<filename>Economica-Bold.ttf</filename>
			<size>36</size>
		</font>
		<font>
			<name>font45_title</name>
			<filename>Economica-Bold.ttf</filename>
			<size>45</size>
		</font>
		<font>
			<name>font52_title</name>
			<filename>Economica-Bold.ttf</filename>
			<size>52</size>
		</font>
		<font>
			<name>font_MainMenu</name>
			<filename>Economica-Bold.ttf</filename>
			<size>60</size>
		</font>
		<font>
			<name>WeatherTemp</name>
			<aspect>0.85</aspect>
			<filename>Economica-Bold.ttf</filename>
			<size>120</size>
		</font>
		<font>
			<name>Mono26</name>
			<filename>Economica-Regular.ttf</filename>
			<size>26</size>
		</font>
		<font>
			<name>Mono30</name>
			<filename>Economica-Regular.ttf</filename>
			<size>30</size>
		</font>
		<font>
			<name>Font-Disc</name>
			<filename>PermanentMarker.ttf</filename>
			<size>22</size>
			<linespacing>.8</linespacing>
		</font>
		<font>
			<name>Font-Disc2</name>
			<filename>PermanentMarker.ttf</filename>
			<size>26</size>
			<linespacing>.8</linespacing>
		</font>
		<font>
			<name>Font-Flag</name>
			<filename>RobotoCondensed-Bold.ttf</filename>
			<size>39</size>
		</font>
		<font>
			<name>Font-Flag-Small</name>
			<filename>RobotoCondensed-Bold.ttf</filename>
			<size>33</size>
		</font>
		<font>
			<name>Font-Flag-Small2</name>
			<filename>RobotoCondensed-Bold.ttf</filename>
			<size>32</size>
		</font>
		<font>
			<name>Font-Flag-Small3</name>
			<filename>RobotoCondensed-Bold.ttf</filename>
			<size>28</size>
		</font>
		<!-- Lyrics Fonts -->
		<font>
			<name>lyr0</name>
			<filename>lyrics/Fredoka One.ttf</filename>
			<linespacing>0.9</linespacing>
			<size>36</size>
		</font>
		<font>
			<name>lyr1</name>
			<filename>lyrics/Theboldfont.ttf</filename>
			<size>100</size>
		</font>
		<font>
			<name>lyr1b</name>
			<filename>lyrics/PollerOne.ttf</filename>
			<linespacing>0.9</linespacing>
			<aspect>0.9</aspect>
			<size>54</size>
		</font>
		<font>
			<name>lyr2</name>
			<filename>lyrics/Luckiest Guy.ttf</filename>
			<style>uppercase</style>
			<linespacing>0.9</linespacing>
			<size>100</size>
		</font>
		<font>
			<name>lyr2b</name>
			<filename>lyrics/Exo2-Black.ttf</filename>
			<linespacing>0.80</linespacing>
			<size>58</size>
		</font>
		<font>
			<name>lyr3</name>
			<filename>lyrics/SF Distant Galaxy.ttf</filename>
			<style>lowercase</style>
			<linespacing>0.9</linespacing>
			<size>100</size>
		</font>
		<font>
			<name>lyr3b</name>
			<filename>lyrics/Ranchers-Regular.ttf</filename>
			<aspect>1.4</aspect>
			<linespacing>0.9</linespacing>
			<size>50</size>
		</font>
		<font>
			<name>lyr4</name>
			<filename>lyrics/Geomancy - Extra Bold.ttf</filename>
			<linespacing>0.9</linespacing>
			<size>80</size>
		</font>
		<font>
			<name>lyr4b</name>
			<filename>lyrics/hemi head bd it.ttf</filename>
			<style>bold</style>
			<linespacing>0.85</linespacing>
			<size>54</size>
		</font>
		<font>
			<name>lyr5</name>
			<filename>lyrics/BOXING.ttf</filename>
			<aspect>1.3</aspect>
			<style>lowercase</style>
			<linespacing>0.9</linespacing>
			<size>104</size>
		</font>
		<font>
			<name>lyr5b</name>
			<filename>lyrics/Fredoka One.ttf</filename>
			<linespacing>0.85</linespacing>
			<size>54</size>
		</font>
		<font>
			<name>lyr6</name>
			<filename>lyrics/Theboldfont.ttf</filename>
			<size>100</size>
		</font>
		<font>
			<name>lyr6b</name>
			<filename>lyrics/PollerOne.ttf</filename>
			<linespacing>0.9</linespacing>
			<aspect>0.9</aspect>
			<size>54</size>
		</font>
		<font>
			<name>lyr7</name>
			<style>uppercase</style>
			<filename>lyrics/Luckiest Guy.ttf</filename>
			<size>80</size>
		</font>
		<font>
			<name>lyr7a</name>
			<style>uppercase</style>
			<filename>lyrics/Luckiest Guy.ttf</filename>
			<size>135</size>
		</font>
		<font>
			<name>lyr7b</name>
			<style>uppercase</style>
			<filename>lyrics/Luckiest Guy.ttf</filename>
			<size>190</size>
		</font>
		<font>
			<name>lyr7c</name>
			<filename>lyrics/Exo2-Black.ttf</filename>
			<linespacing>0.80</linespacing>
			<size>56</size>
		</font>
		<font>
			<name>lyr8</name>
			<filename>lyrics/SF Distant Galaxy.ttf</filename>
			<style>lowercase</style>
			<linespacing>0.9</linespacing>
			<size>100</size>
		</font>
		<font>
			<name>lyr8b</name>
			<filename>lyrics/Ranchers-Regular.ttf</filename>
			<aspect>1.4</aspect>
			<linespacing>0.9</linespacing>
			<size>50</size>
		</font>
		<font>
			<name>lyr9</name>
			<filename>lyrics/Geomancy - Extra Bold.ttf</filename>
			<linespacing>0.9</linespacing>
			<size>90</size>
		</font>
		<font>
			<name>lyr9b</name>
			<filename>lyrics/hemi head bd it.ttf</filename>
			<style>bold</style>
			<linespacing>0.85</linespacing>
			<size>54</size>
		</font>
		<font>
			<name>lyr10</name>
			<style>uppercase</style>
			<filename>lyrics/Luckiest Guy.ttf</filename>
			<size>140</size>
		</font>
		<font>
			<name>lyr10b</name>
			<style>uppercase</style>
			<filename>lyrics/Luckiest Guy.ttf</filename>
			<size>115</size>
		</font>
		<font>
			<name>lyr10c</name>
			<style>uppercase</style>
			<filename>lyrics/Luckiest Guy.ttf</filename>
			<size>90</size>
		</font>
		<font>
			<name>lyr10d</name>
			<filename>lyrics/Exo2-Black.ttf</filename>
			<linespacing>0.80</linespacing>
			<size>56</size>
		</font>
		<font>
			<name>lyr11</name>
			<filename>lyrics/Theboldfont.ttf</filename>
			<size>100</size>
		</font>
		<font>
			<name>lyr11b</name>
			<filename>lyrics/PollerOne.ttf</filename>
			<linespacing>0.9</linespacing>
			<aspect>0.9</aspect>
			<size>54</size>
		</font>
		<font>
			<name>lyr12</name>
			<filename>lyrics/BOXING.ttf</filename>
			<style>lowercase</style>
			<linespacing>0.9</linespacing>
			<size>255</size>
		</font>
		<font>
			<name>lyr12b</name>
			<filename>lyrics/BOXING.ttf</filename>
			<style>lowercase</style>
			<linespacing>0.9</linespacing>
			<size>165</size>
		</font>
		<font>
			<name>lyr12c</name>
			<filename>lyrics/BOXING.ttf</filename>
			<style>lowercase</style>
			<linespacing>0.9</linespacing>
			<size>200</size>
		</font>
		<font>
			<name>lyr12d</name>
			<filename>lyrics/Fredoka One.ttf</filename>
			<linespacing>0.9</linespacing>
			<size>58</size>
		</font>
		<font>
			<name>lyr13</name>
			<filename>lyrics/SF Distant Galaxy.ttf</filename>
			<style>lowercase</style>
			<linespacing>0.9</linespacing>
			<size>100</size>
		</font>
		<font>
			<name>lyr13b</name>
			<filename>lyrics/Ranchers-Regular.ttf</filename>
			<aspect>1.4</aspect>
			<linespacing>0.9</linespacing>
			<size>50</size>
		</font>
		<font>
			<name>lyr14</name>
			<style>uppercase</style>
			<filename>lyrics/Luckiest Guy.ttf</filename>
			<size>100</size>
		</font>
		<font>
			<name>lyr14b</name>
			<style>uppercase</style>
			<filename>lyrics/Luckiest Guy.ttf</filename>
			<size>120</size>
		</font>
		<font>
			<name>lyr14c</name>
			<style>uppercase</style>
			<filename>lyrics/Luckiest Guy.ttf</filename>
			<size>140</size>
		</font>
		<font>
			<name>lyr14d</name>
			<filename>lyrics/Exo2-Black.ttf</filename>
			<linespacing>0.8</linespacing>
			<size>56</size>
		</font>
		<font>
			<name>lyr15</name>
			<filename>lyrics/Geomancy - Extra Bold.ttf</filename>
			<linespacing>0.9</linespacing>
			<size>90</size>
		</font>
		<font>
			<name>lyr15b</name>
			<filename>lyrics/hemi head bd it.ttf</filename>
			<style>bold</style>
			<linespacing>0.85</linespacing>
			<size>54</size>
		</font>
		<font>
			<name>lyr16</name>
			<filename>lyrics/Theboldfont.ttf</filename>
			<size>100</size>
		</font>
		<font>
			<name>lyr16b</name>
			<filename>lyrics/PollerOne.ttf</filename>
			<linespacing>0.9</linespacing>
			<aspect>0.9</aspect>
			<size>54</size>
		</font>
		<font>
			<name>lyr17</name>
			<style>uppercase</style>
			<filename>lyrics/Luckiest Guy.ttf</filename>
			<size>80</size>
		</font>
		<font>
			<name>lyr17a</name>
			<style>uppercase</style>
			<filename>lyrics/Luckiest Guy.ttf</filename>
			<size>135</size>
		</font>
		<font>
			<name>lyr17b</name>
			<style>uppercase</style>
			<filename>lyrics/Luckiest Guy.ttf</filename>
			<size>190</size>
		</font>
		<font>
			<name>lyr17c</name>
			<filename>lyrics/Exo2-Black.ttf</filename>
			<linespacing>0.80</linespacing>
			<size>56</size>
		</font>
		<font>
			<name>lyr18</name>
			<filename>lyrics/Geomancy - Extra Bold.ttf</filename>
			<linespacing>0.9</linespacing>
			<size>80</size>
		</font>
		<font>
			<name>lyr18b</name>
			<filename>lyrics/hemi head bd it.ttf</filename>
			<style>bold</style>
			<linespacing>0.85</linespacing>
			<size>54</size>
		</font>
		<font>
			<name>lyr19</name>
			<filename>lyrics/BOXING.ttf</filename>
			<style>lowercase</style>
			<linespacing>0.9</linespacing>
			<size>210</size>
		</font>
		<font>
			<name>lyr19b</name>
			<filename>lyrics/BOXING.ttf</filename>
			<style>lowercase</style>
			<linespacing>0.9</linespacing>
			<size>170</size>
		</font>
		<font>
			<name>lyr19c</name>
			<filename>lyrics/BOXING.ttf</filename>
			<style>lowercase</style>
			<linespacing>0.9</linespacing>
			<size>115</size>
		</font>
		<font>
			<name>lyr19d</name>
			<filename>lyrics/Fredoka One.ttf</filename>
			<linespacing>0.9</linespacing>
			<size>58</size>
		</font>
		<font>
			<name>lyr20</name>
			<filename>lyrics/SF Distant Galaxy.ttf</filename>
			<style>lowercase</style>
			<linespacing>0.9</linespacing>
			<size>100</size>
		</font>
		<font>
			<name>lyr20b</name>
			<filename>lyrics/Ranchers-Regular.ttf</filename>
			<aspect>1.4</aspect>
			<linespacing>0.9</linespacing>
			<size>50</size>
		</font>
		<font>
			<name>lyrsh16</name>
			<filename>lyrics/PollerOne.ttf</filename>
			<linespacing>0.9</linespacing>
			<aspect>0.9</aspect>
			<size>70</size>
		</font>
		<font>
			<name>lyrsh38</name>
			<filename>lyrics/Exo2-Black.ttf</filename>
			<linespacing>0.80</linespacing>
			<size>80</size>
		</font>
		<font>
			<name>lyrsh50</name>
			<filename>lyrics/hemi head bd it.ttf</filename>
			<style>bold</style>
			<linespacing>0.85</linespacing>
			<size>73</size>
		</font>
		<font>
			<name>lyrsh72</name>
			<filename>lyrics/Fredoka One.ttf</filename>
			<linespacing>0.8</linespacing>
			<size>81</size>
		</font>
		<font>
			<name>lyrsh94</name>
			<filename>lyrics/Ranchers-Regular.ttf</filename>
			<aspect>1.4</aspect>
			<linespacing>0.8</linespacing>
			<size>73</size>
		</font>
		<!-- Music visualisation scrolling text font -->
		<font>
            <name>font_musicvis_biggest</name>
            <filename>RobotoCondensed-Light.ttf</filename>
            <size>230</size>
        </font>
        <font>
            <name>font_musicvis_bigger</name>
            <filename>RobotoCondensed-Light.ttf</filename>
            <size>130</size>
        </font>
        <font>
            <name>font_musicvis_big</name>
            <filename>RobotoCondensed-Light.ttf</filename>
            <size>80</size>
        </font>
	</fontset>
</fonts>