<?xml version="1.0" encoding="utf-8"?>
<window>
	<defaultcontrol></defaultcontrol>
	<onload>ClearProperty(ThumbSplit1,Home)</onload>
	<onload>ClearProperty(ThumbSplit2,Home)</onload>
	<onload condition="Skin.HasSetting(ShowVideoResolution) + !String.IsEmpty(Player.Process(amlogic.eoft_gamut))">ActivateWindow(1111)</onload>
	<onload condition="String.Contains(Player.Art(thumb),ytimg)">AlarmClock(setfo,SetFocus(9606),00:01,silent)</onload>
	<controls>
		<control type="button" id="9606">
			<width>1</width>
			<height>1</height>
			<left>-1000</left>
        	</control>
		<control type="group" id="0">
			<control type="label" id="10">
				<left>45</left>
				<top>15</top>
				<width>1770</width>
				<height>100</height>
				<label/>
				<font>font12</font>
				<shadowcolor>black</shadowcolor>
			</control>
			<control type="label" id="11">
				<left>45</left>
				<top>45</top>
				<width>1770</width>
				<height>100</height>
				<label/>
				<font>font12</font>
				<shadowcolor>black</shadowcolor>
			</control>
			<control type="label" id="12">
				<left>45</left>
				<top>75</top>
				<width>1770</width>
				<height>100</height>
				<label/>
				<font>font12</font>
				<shadowcolor>black</shadowcolor>
			</control>
		</control>
		<control type="group" id="1">
			<depth>DepthOSD+</depth>
			<visible>[Player.Caching + Integer.IsGreater(Player.CacheLevel,0)] + ![$EXP[isSeeking] | [Player.Paused + !Skin.HasSetting(Hide_OSDInfo)] | Player.ShowInfo | Window.IsActive(fullscreeninfo) | Window.IsActive(videoosd) | Window.IsActive(musicosd) | Window.IsActive(playerprocessinfo) | !String.IsEmpty(Player.SeekNumeric) | !String.IsEmpty(PVR.ChannelNumberInput)]</visible>
			<animation effect="fade" delay="300" time="200">Visible</animation>
			<animation effect="fade" delay="200" time="150">Hidden</animation>
			<centerleft>50%</centerleft>
            <centertop>50%</centertop>
            <width>350</width>
            <height>70</height>
			<control type="image" id="1">
                <centerleft>50%</centerleft>
                <centertop>50%</centertop>
                <width>350</width>
                <height>70</height>
                <texture>dialogs/back.png</texture>
            </control>
 			<control type="progress" id="1">
 			    <centerleft>50%</centerleft>
                <top>39</top>
                <width>320</width>
                <height>16</height>
                <info>Player.CacheLevel</info>
            </control>
            <control type="label" id="1">
 				<label>$INFO[Player.CacheLevel]%</label>
 				<centerleft>50%</centerleft>
 				<top>13</top>
 				<width>320</width>
 				<height>20</height>
 				<aligny>center</aligny>
 				<align>right</align>
 				<font>font10</font>
 			</control>        
 			<control type="label" id="2">
 				<label>$LOCALIZE[15107]</label>
 				<centerleft>50%</centerleft>
 				<top>13</top>
 				<width>320</width>
  				<height>20</height>
  				<aligny>center</aligny>
  				<align>left</align>
  				<font>font10</font>
  			</control>
		</control>
	</controls>
</window>
