<?xml version="1.0" encoding="UTF-8"?>
<timers>
	<timer>
		<name>splashtimer</name>
        <description>Timer for displaying the splash screen while skin starts up</description>
        <start reset="true">Window.IsActive(startup) + !Skin.HasSetting(EnableSplashScreen)</start>
 		<stop>!Window.IsActive(startup) | Integer.IsGreater(Skin.TimerElapsedSecs(splashtimer),3)</stop>
		<onstop>ReplaceWindow($INFO[System.StartupWindow])</onstop>
	</timer>
	<timer>
 		<name>delayedstoptimer</name>
 		<description>Stop player after an amount of time when media is paused</description>
 		<start reset="true">Player.Paused + [String.IsEqual(Skin.String(autostop_osd),31649) | String.IsEqual(Skin.String(autostop_osd),31650) | String.IsEqual(Skin.String(autostop_osd),31651) | String.IsEqual(Skin.String(autostop_osd),31652) | String.IsEqual(Skin.String(autostop_osd),31653)]</start>
 		<stop>Player.Paused + [Integer.IsGreater(Skin.TimerElapsedSecs(delayedstoptimer),300) + String.IsEqual(Skin.String(autostop_osd),31649)] | [Integer.IsGreater(Skin.TimerElapsedSecs(delayedstoptimer),600) + String.IsEqual(Skin.String(autostop_osd),31650)] | [Integer.IsGreater(Skin.TimerElapsedSecs(delayedstoptimer),900) + String.IsEqual(Skin.String(autostop_osd),31651)] | [Integer.IsGreater(Skin.TimerElapsedSecs(delayedstoptimer),1200) + String.IsEqual(Skin.String(autostop_osd),31652)] | [Integer.IsGreater(Skin.TimerElapsedSecs(delayedstoptimer),1800) + String.IsEqual(Skin.String(autostop_osd),31653)]</stop>
 		<onstop>PlayerControl(Stop)</onstop>
 	</timer>
</timers>
